id,full name,email,gender,birth Date,address,city,Country,Postal Code
1,Gerry Antonutti,gantonutti0@amazonaws.com,Male,4. 9. 1987,2496 Gerald Point,Houxixi,China,332140
2,Allin Haward,ahaward1@pcworld.com,Male,13. 12. 2001,0 Dakota Road,Xuanhuadian,China,
3,Burtie Warbrick,bwarbrick2@lulu.com,Male,16. 2. 1986,98 Westerfield Parkway,Pieńsk,Poland,59-930
4,Shalom Kemmis,skemmis3@cocolog-nifty.com,Male,17. 5. 1996,0 Express Pass,Velventós,Greece,
5,Karoline Gettens,kgettens4@craigslist.org,Female,,046 Lyons Road,Ayía Triás,Greece,
6,Ulrick Grund,ugrund5@w3.org,Male,15. 5. 2000,6255 Anthes Drive,Xijiadian,China,
7,Marita cattermull,,Female,1. 2. 1994,41 Holy Cross Avenue,Borås,Sweden,507 10
8,Kristopher Buttrum,kbuttrum7@reference.com,Male,,136 Charing Cross Road,Tabunok,Philippines,6008
9,Raddy Dorton,rdorton8@topsy.com,Male,19. 9. 1994,78961 Truax Center,Hongjiang,China,
10,Ernst Klimek,eklimek9@godaddy.com,Male,8. 11. 1995,12 Sunfield Pass,Ţahţā,Egypt,
11,Townie Duigan,tduigana@w3.org,Male,31. 8. 2002,34 Sutteridge Center,Legionowo,Poland,05-122
12,Margaretta Godlip,mgodlipb@hugedomains.com,Female,27. 1. 1991,91334 Northridge Park,Mlawe,Indonesia,
13,Minor Laker,mlakerc@spotify.com,Male,30. 3. 1986,48 Kinsman Plaza,Chalandrítsa,Greece,
14,Natalya Capron,ncaprond@usa.gov,Female,29. 5. 1992,9572 Montana Junction,Santa Catalina - Dique Lujan,Argentina,1623
15,Petrina Couldwell,pcouldwelle@woothemes.com,Female,17. 6. 2002,4686 Starling Court,Aoji-ri,North Korea,
16,Gerik Cattach,,Male,28. 8. 1988,59475 Pond Street,Vilhelmina,Sweden,912 24
17,Jessie Safont,jsafontg@theatlantic.com,Female,8. 7. 1987,49 Alpine Plaza,San Francisco,Panama,
18,Dyann Knudsen,dknudsenh@free.fr,Female,28. 4. 1988,7016 Mariners Cove Plaza,Barão de São Miguel,Portugal,8650-005
19,Galvin Batisse,gbatissei@4shared.com,Male,6. 9. 1986,5286 Oxford Way,Juupajoki,Finland,35540
20,Cecily Fust,cfustj@liveinternet.ru,Female,28. 3. 1992,6460 Manley Center,Zhenhai,China,
21,Maurise Segrave,msegravek@intel.com,Male,27. 7. 1991,17 Hanson Avenue,Sanli,China,
22,Toby Strowger,tstrowgerl@mapy.cz,Male,27. 3. 1989,049 Brown Junction,Bordeaux,France,33060 CEDEX
23,Nicolette Notton,nnottonm@indiatimes.com,Female,27. 11. 1998,61353 Lillian Center,Angers,France,49023 CEDEX 02
24,Gorden Teffrey,,Male,,86 Sunnyside Pass,Genova,Italy,16157
25,Janet tiley,jtileyo@xing.com,Female,2. 12. 1988,9085 Mallard Avenue,Urcos,Peru,
26,Nickolaus Ivanonko,nivanonkop@arizona.edu,Male,25. 8. 1991,43 Washington Hill,Thap Khlo,Thailand,71000
27,Lil Warsop,lwarsopq@ezinearticles.com,Female,19. 6. 1994,83303 Golf Avenue,Agía Varvára,Greece,
28,Essa Wadge,ewadger@icq.com,Female,,00 Heffernan Junction,Xiang Ngeun,Laos,
29,Venus Eslie,veslies@uiuc.edu,Female,22. 2. 1996,74 Dovetail Park,Vyshchetarasivka,Ukraine,
30,Jeffie Tomankowski,jtomankowskit@flavors.me,Male,6. 1. 1988,0 4th Road,Kadurahayu,Indonesia,
31,Paco Housby,phousbyu@arstechnica.com,Male,28. 6. 1985,952 Macpherson Place,Jetak Kulon,Indonesia,
32,Reid Gethyn,rgethynv@fastcompany.com,Male,4. 2. 1994,895 Cordelia Drive,Qarāwat Banī Zayd,Palestinian Territory,
33,Beverly Talks,btalksw@elegantthemes.com,Female,4. 8. 1995,39905 Randy Drive,Garunggang,Indonesia,
34,Laney Geelan,lgeelanx@alexa.com,Female,16. 7. 1991,00812 Oxford Trail,Bastia,France,20414 CEDEX 9
35,Faina Leedes,fleedesy@surveymonkey.com,Female,5. 3. 1998,3 Towne Lane,Hekou,China,
36,Gloria Jerke,gjerkez@quantcast.com,Female,2. 11. 2000,54377 Pierstorff Hill,Ubajami,Indonesia,
37,Raphael Warwick,rwarwick10@shareasale.com,Male,22. 1. 1995,99 Blue Bill Park Junction,Altay,Kazakhstan,
38,Olav Tomlinson,otomlinson11@bloomberg.com,Male,3. 9. 1986,753 Eliot Terrace,Talawakele,Sri Lanka,22100
39,Ruthy Kareman,rkareman12@ameblo.jp,Female,16. 3. 1986,08363 Harbort Alley,Skopje,Macedonia,1040
40,Noel Tuvey,ntuvey13@about.com,Female,9. 10. 1989,618 Mifflin Pass,Mrkonjić Grad,Bosnia and Herzegovina,
41,Dyna Kaley,dkaley14@epa.gov,Female,30. 6. 2000,5740 Northview Avenue,Linëvo,Russia,633216
42,Edan Gostage,egostage15@businesswire.com,Male,5. 1. 1992,4587 Pond Street,Beiyang,China,
43,Melisa Jouhning,,Female,20. 12. 1987,9 Lawn Circle,Czerniewice,Poland,97-216
44,Elka Dyzart,edyzart17@google.com.br,Female,7. 8. 1991,457 Fairview Trail,Cayara,Peru,
45,Sherrie Ingerith,singerith18@gmpg.org,Female,2. 6. 1989,466 Old Gate Trail,Polańczyk,Poland,38-610
46,gustie Fall,gfall19@senate.gov,Female,13. 1. 2000,02699 Kingsford Circle,Bom Despacho,Brazil,35600-000
47,Lowell Calderonello,,Male,20. 3. 1986,7 Pawling Point,Vestmannaeyjar,Iceland,902
48,Timmy Kimpton,tkimpton1b@un.org,Male,16. 6. 1991,842 Anthes Center,Banovo Polje,Serbia,
49,Ringo Edgars,redgars1c@alibaba.com,Male,13. 12. 1994,4 Mallory Point,Allen,Philippines,6405
50,Cristabel Gally,cgally1d@pen.io,Female,24. 6. 1998,2475 Elgar Park,Banjar Delodrurung,Indonesia,
51,,sstodart1e@uiuc.edu,Male,10. 11. 1987,52 Starling Court,Magang,China,
52,Rheta hancke,rhancke1f@techcrunch.com,Female,18. 8. 1996,84411 Arizona Hill,Ōmiya,Japan,319-3117
53,Orion Leaming,oleaming1g@china.com.cn,Male,11. 6. 2001,818 Dunning Street,Vischongo,Peru,
54,Keenan Giddings,kgiddings1h@blogs.com,Male,15. 9. 1993,0 Bartillon Hill,Alangalang,Philippines,6517
55,Cchaddie Cicchitello,ccicchitello1i@oakley.com,Male,28. 11. 1984,704 Walton Park,Realeza,Brazil,85770-000
56,Gabbi Pearl,gpearl1j@wikia.com,Female,,498 Bultman Hill,Rosmalen,Netherlands,5244
57,,dsewley1k@rakuten.co.jp,Male,23. 7. 1990,0 Spaight Point,Hiratsuka,Japan,820-0702
58,Linus Sansom,lsansom1l@google.com,Male,28. 5. 1985,43759 Bultman Plaza,Jarigue,Philippines,9407
59,Garwood Sumpter,gsumpter1m@springer.com,Male,9. 4. 1986,33613 Boyd Alley,Ilongero,Tanzania,
60,Gunar Abrashkin,gabrashkin1n@nps.gov,Male,29. 12. 1987,913 Holmberg Lane,Olleros,Peru,
61,Chancey Kordas,ckordas1o@bbb.org,Male,5. 1. 1988,72 Declaration Drive,Kista,Sweden,164 91
62,liuka Roadnight,lroadnight1p@google.nl,Female,28. 4. 2000,00376 Bashford Way,Tianmuhu,China,
63,Tremain Lomasny,tlomasny1q@instagram.com,Male,,53399 Farragut Court,Strasbourg,France,67013 CEDEX
64,Isidoro Hallewell,ihallewell1r@weather.com,Male,9. 2. 1986,66049 5th Hill,Maha Sarakham,Thailand,90160
65,Justinn Scourge,jscourge1s@themeforest.net,Female,24. 3. 1999,6827 Dawn Court,Santa Cruz,Portugal,4820-560
66,Nicolis Maxweell,nmaxweell1t@oracle.com,Male,3. 10. 2000,3216 Manitowish Street,Jeruk,Indonesia,
67,Cathyleen Kennelly,ckennelly1u@nature.com,Female,19. 7. 2000,53 Sunnyside Park,Kiszkowo,Poland,62-280
68,Millard Boom,mboom1v@webeden.co.uk,Male,15. 12. 1988,63 Kedzie Street,Kashmor,Pakistan,33001
69,Lorie Stivens,lstivens1w@creativecommons.org,Female,1. 1. 1985,501 Gateway Terrace,Moyuan,China,
70,Armin Bellas,abellas1x@latimes.com,Male,10. 2. 1998,8 Spenser Terrace,Jinsha,China,
71,Vinita Aloshkin,valoshkin1y@weather.com,Female,31. 1. 1995,89472 Kipling Place,Ḩuwwārah,Palestinian Territory,
72,Jillane Stowers,jstowers1z@upenn.edu,Female,7. 6. 2000,20 Wayridge Center,Cidadap,Indonesia,
73,Orsa Ciobotaro,ociobotaro20@nba.com,Female,16. 4. 1987,145 Kropf Road,Wangjiahe,China,
74,Zaria Lorain,zlorain21@woothemes.com,Female,28. 3. 1997,1 Kings Plaza,Magburaka,Sierra Leone,
75,,lduffrie22@engadget.com,Female,18. 10. 1988,7329 Esker Circle,Heshui,China,
76,Glennis Raycroft,graycroft23@prlog.org,Female,1. 6. 1988,226 Lotheville Crossing,Telč,Czech Republic,588 62
77,Jarid Hasley,jhasley24@youtu.be,Male,18. 10. 1988,9712 Barnett Place,Guaramirim,Brazil,89270-000
78,Vernen Holmyard,vholmyard25@go.com,Male,18. 3. 1994,96 Burrows Center,Xinmatou,China,
79,Christean Spedroni,cspedroni26@state.gov,Female,13. 1. 2002,206 Anderson Terrace,Huaxian,China,
80,Nonna Whitington,nwhitington27@shutterfly.com,Female,13. 4. 1996,05 Dorton Street,Sumberbaru,Indonesia,
81,Mordecai Fellos,,Male,27. 1. 1997,16 Red Cloud Pass,Chantepie,France,35574 CEDEX
82,Daveta Atcheson,datcheson29@ycombinator.com,Female,14. 4. 1994,2 Golf Pass,Kalamáta,Greece,
83,Verile Marikhin,vmarikhin2a@printfriendly.com,Female,16. 12. 1986,07 Haas Crossing,Saguenay,Canada,G7K
84,Laryssa Reen,lreen2b@i2i.jp,Female,4. 5. 1993,059 Leroy Park,Icó,Brazil,63430-000
85,Minnaminnie Yeates,myeates2c@intel.com,Female,21. 4. 1993,6180 Starling Circle,Asker,Norway,1384
86,,bnijssen2d@epa.gov,Male,12. 10. 1991,1 Nelson Terrace,Heshe,China,
87,Rozele Domingues,rdomingues2e@naver.com,Female,19. 9. 1993,6 Iowa Crossing,Shuiyuan,China,
88,Elana Shapira,eshapira2f@webs.com,Female,17. 4. 1987,7891 Graedel Trail,Yuelai,China,
89,Matti Corfield,mcorfield2g@t-online.de,Female,29. 1. 1997,72 Sloan Crossing,Tozeur,Tunisia,
90,Corty MacAree,cmacaree2h@statcounter.com,Male,8. 6. 1999,301 Ridgeview Hill,Donghuang,China,
91,Melody Dorbin,mdorbin2i@google.com.br,Female,19. 3. 1997,59950 1st Junction,El Puente,Honduras,
92,Gratiana Semiraz,gsemiraz2j@google.co.uk,Female,24. 4. 1996,6 Farragut Drive,Yong’an,China,
93,Daryn MacElharge,dmacelharge2k@newyorker.com,Female,26. 5. 1991,82 Dahle Park,Bakan,Indonesia,
94,Tomi Gooderick,tgooderick2l@slashdot.org,Female,19. 8. 1999,0 Dorton Plaza,Sandefjord,Norway,3249
95,Haley Smalcombe,hsmalcombe2m@amazon.com,Male,19. 8. 1994,3243 Rusk Pass,Ewirgol,China,
96,,edumberrill2n@sphinn.com,Male,9. 12. 2001,33026 Oak Valley Road,New Agutaya,Philippines,6330
97,Cecile Jeandeau,cjeandeau2o@twitter.com,Female,9. 9. 1990,947 Oakridge Court,Šibenik,Croatia,51242
98,Chucho Purselow,,Male,30. 5. 2000,580 Moulton Road,Khawr Maksar,Yemen,
99,Hakeem Keysel,,Male,26. 6. 1992,96 Sunfield Pass,Bachowice,Poland,34-116
100,Serge Bedder,sbedder2r@alibaba.com,Male,14. 4. 1992,2 Coolidge Terrace,Kebonsari,Indonesia,
101,Valaree Keener,vkeener2s@elpais.com,Female,,9 Monica Court,Mernek,Indonesia,
102,,islimon2t@infoseek.co.jp,Female,19. 4. 1986,7 Dwight Park,Crespo,Argentina,3116
103,Bondon Pepperrall,bpepperrall2u@google.fr,Male,22. 3. 2000,72 Porter Terrace,Bokat,Indonesia,
104,Chauncey Cossum,,Male,20. 12. 1999,19 Onsgard Junction,Berbérati,Central African Republic,
105,,stasseler2w@auda.org.au,Male,17. 12. 2000,07452 Hermina Avenue,Entebbe,Uganda,
106,Yolane Appleford,yappleford2x@ihg.com,Female,8. 11. 1994,06839 Paget Point,Águas de Lindóia,Brazil,13940-000
107,Leonard Stockdale,lstockdale2y@opera.com,Male,,6 Porter Plaza,Debrecen,Hungary,4014
108,Brooks Biner,bbiner2z@columbia.edu,Male,15. 5. 1996,63146 Old Shore Street,Bolobo,Democratic Republic of the Congo,
109,Andree Mayne,,Female,29. 3. 1987,7 Annamark Lane,Saint Louis,United States,63131
110,Lishe Seaborne,lseaborne31@icio.us,Female,2. 4. 1987,20 Warner Point,Caldas da Felgueira,Portugal,3525-205
111,Jaynell Austin,jaustin32@icio.us,Female,4. 11. 2001,08179 Vidon Park,Longtang,China,
112,Jerrilyn Camfield,jcamfield33@wix.com,Female,30. 7. 1989,45744 Waywood Way,Diez de Octubre,Cuba,
113,Stanleigh Serchwell,sserchwell34@cargocollective.com,Male,18. 4. 1994,118 Mifflin Trail,Dornava,Slovenia,2252
114,Rori Eccott,reccott35@mozilla.org,Female,15. 3. 1991,26 Blackbird Way,Ventspils,Latvia,
115,Rriocard Adie,radie36@so-net.ne.jp,Male,13. 12. 1995,2016 Donald Hill,Ban Huai Thalaeng,Thailand,30240
116,Marylin Yakebowitch,myakebowitch37@mail.ru,Female,3. 2. 1999,078 Waubesa Road,Belyye Stolby,Russia,142052
117,Cecil Beyn,cbeyn38@tripod.com,Male,22. 1. 1987,5962 Pond Place,Vrilissia,Greece,
118,Candy Aslie,caslie39@usnews.com,Female,27. 12. 1999,8853 Chinook Road,São José,Brazil,88100-000
119,Freddi Schruyer,fschruyer3a@nationalgeographic.com,Female,3. 3. 1991,59 Columbus Center,Qingyun,China,
120,Cindee Bedward,cbedward3b@artisteer.com,Female,24. 10. 1997,18524 Ludington Junction,Bayombong,Philippines,3700
121,Gerrilee Rigby,grigby3c@gov.uk,Female,6. 3. 1992,60 Cody Road,Bačka Palanka,Serbia,
122,Lindy Goldring,,Male,14. 2. 2002,30 Lunder Parkway,Uenohara,Japan,981-4327
123,Aloysius Hamby,ahamby3e@ed.gov,Male,9. 11. 1988,96 Dottie Lane,Siqu,China,
124,Celie Vallentin,cvallentin3f@discovery.com,Female,26. 9. 1992,856 Bonner Center,Balud,Philippines,5412
125,Babs Rawstron,brawstron3g@alexa.com,Female,14. 8. 1990,7862 International Lane,Shuiquan,China,
126,Sharia Pagden,spagden3h@disqus.com,Female,22. 6. 1990,07 Maywood Drive,San Pablo,Peru,
127,Jermayne Chadwell,jchadwell3i@businessweek.com,Male,11. 1. 1992,03 Dexter Alley,Brejoeira,Portugal,2860-310
128,Audrye O'Hartnett,aohartnett3j@ask.com,Female,5. 7. 1989,074 Hanson Trail,‘Anjarah,Jordan,
129,Gibby Eixenberger,geixenberger3k@cnet.com,Male,10. 5. 1998,42 Thackeray Avenue,Medellin,Philippines,6012
130,Rock Harbertson,rharbertson3l@dell.com,Male,2. 7. 2001,633 Autumn Leaf Avenue,London,United Kingdom,W1F
131,Johnny Genike,jgenike3m@people.com.cn,Male,3. 1. 2000,887 International Center,Kuanping,China,
132,Biddy Shreenan,bshreenan3n@intel.com,Female,25. 9. 1989,95 Mayfield Point,Catbalogan,Philippines,6700
133,Torie Reavell,treavell3o@behance.net,Female,13. 3. 1990,480 Butternut Park,Kotaagung,Indonesia,
134,Lari Dorward,,Female,21. 4. 1992,190 Nevada Court,Aknīste,Latvia,
135,Hubert Alliston,halliston3q@biblegateway.com,Male,27. 3. 1986,635 Little Fleur Place,Haveliān,Pakistan,22501
136,Cecilia Hintze,chintze3r@buzzfeed.com,Female,,8 Mariners Cove Way,Namikupa,Tanzania,
137,Ezmeralda Cotgrave,ecotgrave3s@uiuc.edu,Female,7. 6. 1985,739 Bunker Hill Circle,Tlučná,Czech Republic,330 26
138,Olga Ravenhill,oravenhill3t@issuu.com,Female,7. 4. 2000,39120 Rockefeller Alley,Rābigh,Saudi Arabia,
139,Gwynne Malec,gmalec3u@twitter.com,Female,3. 10. 1999,2 5th Parkway,Jindřichův Hradec,Czech Republic,378 33
140,Kathlin Baudinelli,kbaudinelli3v@nhs.uk,Female,29. 5. 2001,3253 Holy Cross Lane,Barra do Piraí,Brazil,27000-000
141,,,Male,20. 2. 1993,8811 Tennessee Hill,Pagak,Indonesia,
142,Pru Bromige,pbromige3x@instagram.com,Female,28. 1. 1994,13419 Farragut Terrace,Matanza,Colombia,680568
143,Orel Colloff,ocolloff3y@pbs.org,Female,,4999 Del Mar Crossing,Yangiobod,Uzbekistan,
144,Skippie Westberg,swestberg3z@wordpress.org,Male,25. 1. 1989,623 Pawling Park,Cabalawan,Philippines,6006
145,Zach Fenix,,Male,30. 12. 1992,5927 Welch Parkway,Xialiao,China,
146,Reeta Irving,rirving41@ucoz.com,Female,31. 10. 2000,6495 Lakewood Gardens Court,Siquirres,Costa Rica,70301
147,Ulrica Scrowton,uscrowton42@patch.com,Female,15. 5. 1986,72 Manley Street,Mmaaf,Indonesia,
148,Cathleen Andres,candres43@nba.com,Female,30. 7. 1990,55030 Corry Parkway,Beni Khiar,Tunisia,
149,Jennie Mousby,jmousby44@simplemachines.org,Female,31. 5. 1996,25893 Brown Lane,L'Île-Perrot,Canada,H9X
150,Marylou Oleksinski,moleksinski45@nydailynews.com,Female,20. 10. 2000,34 Alpine Crossing,Xiayang,China,
151,Modestine Kerfut,mkerfut46@hostgator.com,Female,4. 12. 1984,16946 1st Circle,Kotawaikabubak,Indonesia,
152,,jvolant47@fastcompany.com,Female,17. 12. 1997,49 Huxley Circle,Zargarān,Afghanistan,
153,Clyde Ineson,cineson48@simplemachines.org,Male,27. 7. 1988,113 Karstens Center,Loja,Ecuador,
154,Marybeth Coad,mcoad49@so-net.ne.jp,Female,11. 7. 1990,30136 Northport Parkway,Calibutbut,Philippines,1470
155,Lynnet Bloomer,lbloomer4a@princeton.edu,Female,17. 12. 2000,37126 Basil Way,Thị Trấn Trùng Khánh,Vietnam,
156,Enrika Donett,edonett4b@ifeng.com,Female,15. 8. 1994,657 Miller Lane,Himanka,Finland,68100
157,Raimundo Paniman,rpaniman4c@github.io,Male,23. 6. 1991,3 Derek Lane,Záhorovice,Czech Republic,687 71
158,Goldi Mawditt,gmawditt4d@clickbank.net,Female,1. 5. 2002,14 Hintze Center,Santo Domingo Este,Dominican Republic,11806
159,Ree Larrad,rlarrad4e@springer.com,Female,13. 4. 1995,51 Brentwood Circle,Krajan Tanjungrejo,Indonesia,
160,Thoma Moss,tmoss4f@delicious.com,Male,11. 11. 1987,17 Saint Paul Plaza,Chico,United States,95973
161,Poul Laddle,pladdle4g@aboutads.info,Male,7. 3. 2000,0252 Mitchell Pass,Margos,Philippines,1217
162,Becky Springett,bspringett4h@fc2.com,Female,11. 11. 2001,0 Daystar Road,Balun,Indonesia,
163,Ava Elie,aelie4i@gravatar.com,Female,15. 7. 1995,076 Hooker Trail,Wakaseko,Indonesia,
164,Gorden Webberley,,Male,11. 3. 1998,1499 Stephen Park,Kālābāgh,Pakistan,42360
165,Dieter Hirtz,dhirtz4k@youtu.be,Male,23. 5. 1997,0 Merry Road,Rungis,France,94525 CEDEX 1
166,Jessey Vasichev,jvasichev4l@google.co.jp,Male,25. 3. 1985,26 1st Plaza,São Pedro do Estoril,Portugal,2765-343
167,Lu Trew,ltrew4m@myspace.com,Female,31. 12. 2001,8775 Glendale Alley,Weihai,China,
168,Thibaud Love,tlove4n@imageshack.us,Male,24. 4. 2001,90 Dakota Point,Milín,Czech Republic,261 01
169,Suzanne Grimditch,sgrimditch4o@ustream.tv,Female,5. 11. 1999,843 Colorado Circle,Citalahab,Indonesia,
170,Brendis Robe,brobe4p@booking.com,Male,17. 3. 1988,7313 Mayfield Plaza,Pailitas,Colombia,204007
171,Matty Gibbieson,mgibbieson4q@dailymail.co.uk,Male,22. 8. 1994,6 7th Pass,Asunción,Paraguay,
172,Javier Klejin,jklejin4r@cam.ac.uk,Male,25. 8. 1998,1348 Forest Dale Point,Novokhovrino,Russia,141707
173,Remus Manlow,rmanlow4s@globo.com,Male,28. 10. 1989,6 Ridgeview Place,Cawayan,Philippines,5409
174,Delcine Voas,dvoas4t@washingtonpost.com,Female,9. 2. 1997,80793 Mayfield Drive,Stírion,Greece,
175,Ben Mansford,bmansford4u@usnews.com,Male,8. 3. 1986,6897 Kipling Avenue,Cucuyagua,Honduras,
176,Saundra Sybry,ssybry4v@liveinternet.ru,Male,5. 5. 1996,8878 Old Shore Place,Babak,Philippines,8118
177,Shayne Petris,,Male,14. 10. 1989,977 Warbler Parkway,Shangtianba,China,
178,Rosamund Craddy,rcraddy4x@archive.org,Female,7. 2. 1996,679 Lake View Place,Chunmuying,China,
179,Rancell Stredder,rstredder4y@themeforest.net,Male,28. 10. 2001,94651 Moose Lane,Cergy-Pontoise,France,95046 CEDEX 1
180,Ami Poolton,apoolton4z@google.ca,Female,21. 7. 1988,63 Hermina Road,San José de Colinas,Honduras,
181,Wilone Maddra,wmaddra50@wikimedia.org,Female,24. 8. 1992,6 Melody Terrace,Jianghai,China,
182,,mgarroch51@linkedin.com,Female,26. 7. 1990,796 Jenifer Crossing,Sekartaji,Indonesia,
183,Stepha Ong,song52@ihg.com,Female,8. 12. 1989,832 Saint Paul Drive,Ekpoma,Nigeria,
184,Irene Becke,ibecke53@pen.io,Female,2. 7. 1988,70875 Graceland Hill,Detupia,Indonesia,
185,Vinnie Jeffs,vjeffs54@epa.gov,Male,14. 4. 1988,525 Anthes Junction,Whittier,United States,90610
186,Onfre Thursfield,,Male,14. 9. 1990,7053 Morrow Center,Błażowa,Poland,36-030
187,Shandee Rispin,srispin56@patch.com,Female,14. 8. 1985,21 Pleasure Plaza,Sartrouville,France,78504 CEDEX
188,Fax Maxwaile,fmaxwaile57@github.io,Male,22. 7. 1988,69921 Marquette Court,Gualaceo,Ecuador,
189,Nealy Iacoviello,,Male,20. 8. 1999,25 Rowland Way,Sabandia,Peru,
190,Audrie Gippes,agippes59@cdc.gov,Female,4. 11. 1996,30970 Fremont Street,Reshetylivka,Ukraine,
191,Clio Ullyott,cullyott5a@baidu.com,Female,6. 8. 1998,1158 Ridge Oak Center,Tiarei,French Polynesia,
192,Ola O'Grogane,oogrogane5b@soundcloud.com,Female,4. 6. 1996,054 Ridgeway Hill,Gudermes,Russia,366904
193,Mendel Garbott,mgarbott5c@army.mil,Male,9. 2. 1991,832 Summit Crossing,Mbaké,Senegal,
194,Trixie McAuslene,tmcauslene5d@vinaora.com,Female,2. 2. 1988,9 Walton Plaza,Sydney,Australia,1140
195,Crosby Blinckhorne,cblinckhorne5e@quantcast.com,Male,30. 12. 1997,3100 Brentwood Junction,Sŏnbong,North Korea,
196,Fielding Dilliway,fdilliway5f@friendfeed.com,Male,25. 5. 1995,1137 Vernon Alley,San Marcos,Guatemala,12001
197,Nydia Sparwell,nsparwell5g@columbia.edu,Female,5. 7. 1994,32 Mcguire Road,Ciseuseupan,Indonesia,
198,Mattie Meenan,mmeenan5h@cnet.com,Female,,74 Commercial Alley,Barrancas,Venezuela,
199,Bernardo Brumby,bbrumby5i@diigo.com,Male,8. 10. 1998,83652 Cascade Circle,Jiaogong,China,
200,Kory Curedale,,Male,11. 2. 1992,31063 Maple Wood Street,Gnosjö,Sweden,335 24
201,Dan Eriksson,deriksson5k@home.pl,Male,23. 9. 1999,327 Crowley Center,Dubiecko,Poland,37-750
202,Ozzy Aston,oaston5l@typepad.com,Male,20. 6. 1993,3711 Ronald Regan Place,Lexington,United States,40510
203,Bonnibelle Thirkettle,bthirkettle5m@blogs.com,Female,31. 8. 1990,48 Artisan Way,Garanhuns,Brazil,55290-000
204,Lenee Charrier,lcharrier5n@yahoo.co.jp,Female,9. 1. 1985,6037 Lunder Lane,Chimbas,Argentina,5413
205,Rhodia Wilshire,rwilshire5o@ftc.gov,Female,5. 8. 1996,3069 Melby Junction,Xiaomenjia,China,
206,Ashly MacRury,amacrury5p@reuters.com,Female,4. 11. 1985,3 Pepper Wood Alley,Patos Fshat,Albania,
207,Lorena Preene,lpreene5q@gnu.org,Female,,375 Bluejay Junction,Hrob,Czech Republic,417 04
208,Hoyt Danielli,hdanielli5r@digg.com,Male,16. 5. 1987,738 Fisk Street,Sauga,Estonia,
209,Emmerich Cashell,ecashell5s@comsenz.com,Male,16. 8. 1987,261 Center Court,Haquira,Peru,
210,Eugine Davydochkin,edavydochkin5t@123-reg.co.uk,Female,18. 6. 1996,206 Vahlen Alley,Taozhou,China,
211,Monique Russam,mrussam5u@va.gov,Female,22. 6. 1988,3 Mcguire Court,Pesqueira,Brazil,55200-000
212,Ninnetta Christensen,nchristensen5v@ustream.tv,Female,12. 12. 1991,48674 School Crossing,Sidaohezi,China,
213,,scalyton5w@amazonaws.com,Male,18. 12. 1998,0519 Vera Junction,Mino,Japan,709-4306
214,Lonny Daunter,ldaunter5x@sun.com,Male,19. 3. 1986,741 Eastlawn Circle,Łętownia,Poland,37-312
215,Reggie Taveriner,rtaveriner5y@constantcontact.com,Female,20. 7. 1991,8474 Monument Park,Ranao,Philippines,3526
216,Dori MacKintosh,dmackintosh5z@feedburner.com,Female,21. 9. 2000,7003 Spaight Trail,Javalera,Philippines,4114
217,Kev Blakebrough,kblakebrough60@webnode.com,Male,4. 5. 1998,35 Hansons Terrace,Xinjiezi,China,
218,Ruby Hanselman,rhanselman61@xing.com,Male,31. 12. 1987,02883 Starling Center,Moulay Yacoub,Morocco,
219,Mavis Parsell,mparsell62@unicef.org,Female,29. 1. 1987,0 Grover Pass,Aguaí,Brazil,13860-000
220,Enos Allsupp,eallsupp63@apache.org,Male,18. 6. 2000,7 Straubel Avenue,Masis,Armenia,
221,Mufinella Quiddington,mquiddington64@clickbank.net,Female,20. 3. 1986,6 Prentice Road,Chefchaouene,Morocco,
222,Dunc Nazaret,dnazaret65@e-recht24.de,Male,16. 9. 1989,32412 Monterey Way,Al Jubayhah,Jordan,
223,Farris Rosindill,frosindill66@smh.com.au,Male,28. 9. 1999,6518 Westport Junction,Kalanchak,Ukraine,
224,Ortensia Pottiphar,opottiphar67@discuz.net,Female,16. 9. 1991,256 Linden Junction,Overyata,Russia,617071
225,Charmian Cowan,ccowan68@foxnews.com,Female,26. 5. 2000,4 Fallview Drive,Los Aquijes,Peru,
226,Riordan Iddiens,riddiens69@1688.com,Male,22. 4. 1990,171 Ronald Regan Way,Posedarje,Croatia,23242
227,Seymour Everal,several6a@example.com,Male,7. 4. 1993,82 Kinsman Road,Mamboma,Sierra Leone,
228,Fleming Manketell,fmanketell6b@slate.com,Male,14. 10. 1988,40439 Sherman Junction,Dadian,China,
229,Debbie Stranaghan,,Female,14. 3. 2001,2749 Corscot Avenue,Isulan,Philippines,9805
230,Mariel Wakeham,mwakeham6d@deliciousdays.com,Female,14. 1. 1998,54111 Carpenter Circle,Wysokie Mazowieckie,Poland,18-200
231,Gael Robeiro,grobeiro6e@si.edu,Male,1. 10. 1999,66 Judy Center,Chenôve,France,21304 CEDEX
232,Jamima Beecheno,jbeecheno6f@alexa.com,Female,24. 11. 1992,14904 Utah Park,Pamyat’ Parizhskoy Kommuny,Russia,606488
233,Kirby Jakubowski,kjakubowski6g@opensource.org,Male,,65509 Farmco Avenue,Paris 11,France,75522 CEDEX 11
234,Diane-marie Bear,dbear6h@state.gov,Female,1. 11. 1993,5153 Upham Crossing,Yashiro,Japan,917-0102
235,Angeli Chadderton,,Male,17. 6. 1999,93 Carey Alley,Pulau Pinang,Malaysia,10840
236,Erin Fawlo,efawlo6j@dot.gov,Male,14. 11. 1994,06 Di Loreto Trail,Gongju,South Korea,
237,Ami Delong,adelong6k@auda.org.au,Female,15. 11. 1991,111 Forest Dale Park,Hongshi,China,
238,Hannis Gait,hgait6l@ed.gov,Female,1. 8. 1993,42846 Pennsylvania Avenue,Boa Esperança,Brazil,87390-000
239,Bili Helm,bhelm6m@discovery.com,Female,19. 8. 2002,033 Stone Corner Parkway,Bárrio,Portugal,4830-791
240,Pedro Brookzie,pbrookzie6n@dailymotion.com,Male,26. 1. 1997,31915 Dwight Crossing,Libei,China,
241,Felic Todhunter,ftodhunter6o@ustream.tv,Male,14. 12. 1996,6 Hanson Lane,Mariscala,Uruguay,
242,Fidole Wolfendell,fwolfendell6p@zimbio.com,Male,2. 6. 1993,0767 Cherokee Crossing,Chazón,Argentina,2675
243,Mignonne Walak,mwalak6q@mac.com,Female,5. 11. 1986,292 Memorial Terrace,Nürnberg,Germany,90451
244,Arni Lambird,alambird6r@wix.com,Male,20. 11. 1991,3 Jackson Place,Huxu,China,
245,Joya Rennard,jrennard6s@theguardian.com,Female,13. 6. 1994,8 Spenser Avenue,Velagići,Bosnia and Herzegovina,
246,Sancho Lettley,,Male,1. 3. 1999,1 Lakewood Avenue,Shiqiao,China,
247,Birch Bolitho,bbolitho6u@ehow.com,Male,6. 9. 1993,568 Northport Crossing,Zhoujiadian,China,
248,Maxim Zollner,mzollner6v@prnewswire.com,Male,17. 9. 2000,19653 Jay Place,Elverum,Norway,2418
249,Jermaine Holdworth,jholdworth6w@nationalgeographic.com,Female,16. 1. 1997,77121 Fuller Point,Venustiano Carranza,Mexico,93848
250,Dona Kinchley,dkinchley6x@go.com,Female,3. 6. 1998,7 Darwin Terrace,Houston,United States,77065
251,Korey Gisbye,kgisbye6y@fastcompany.com,Male,3. 7. 1993,0 Farmco Alley,Futuroscope,France,86983 CEDEX
252,Carma Hawsby,chawsby6z@stumbleupon.com,Female,2. 1. 1999,4669 Spaight Trail,Sibulan,Philippines,6201
253,Antonia Greenhough,agreenhough70@nsw.gov.au,Female,19. 3. 2000,9 Daystar Trail,Blansko,Czech Republic,678 01
254,Corenda Mikalski,cmikalski71@wix.com,Female,10. 2. 1988,427 Shoshone Circle,Nezlobnaya,Russia,357839
255,Arlinda Champ,achamp72@google.ca,Female,25. 5. 1999,1533 Alpine Pass,Hanyū,Japan,374-0055
256,Rem Kyrkeman,rkyrkeman73@army.mil,Male,18. 3. 1999,06451 Lukken Trail,Lojigawaran,Indonesia,
257,Viki Lay,vlay74@cnn.com,Female,25. 12. 1996,12 Fuller Pass,Ximapo,China,
258,Karna O'Meara,komeara75@tamu.edu,Female,23. 8. 1996,02848 Tony Crossing,Shangtuhai,China,
259,Liza Dietzler,ldietzler76@hubpages.com,Female,20. 5. 1999,36 3rd Avenue,Toulouse,France,31931 CEDEX 9
260,Octavius Minelli,,Male,7. 5. 1991,6386 Marcy Avenue,Nyazura,Zimbabwe,
261,Tynan Alvarado,talvarado78@merriam-webster.com,Male,14. 11. 1993,0 Menomonie Center,Napnapan,Philippines,5021
262,Sibby Robertz,srobertz79@ehow.com,Female,24. 2. 1994,252 Dapin Parkway,Sakura,Japan,989-2433
263,Kristal Caush,kcaush7a@opensource.org,Female,7. 7. 1990,209 Wayridge Park,Moba,China,
264,,mkrysiak7b@oakley.com,Male,3. 6. 1989,65872 Butterfield Plaza,Pau,Philippines,5513
265,Hurlee Geering,hgeering7c@tumblr.com,Male,28. 12. 1995,28 Sachtjen Way,Villa del Carmen,Uruguay,
266,,,Male,22. 2. 1990,12525 Hoffman Court,Anaco,Venezuela,
267,Danila Addekin,,Female,22. 3. 1996,43342 Farmco Street,Arapuey,Venezuela,
268,Nicola Banville,,Female,22. 7. 1989,52565 Superior Hill,Lepaterique,Honduras,
269,Auroora Gillimgham,agillimgham7g@cafepress.com,Female,26. 3. 1996,828 John Wall Center,Quyangqiao,China,
270,Alberta Corrington,,Female,22. 3. 1986,35 Carberry Crossing,Rezé,France,44409 CEDEX
271,Cristal Cleminson,ccleminson7i@cnbc.com,Female,15. 2. 1992,04421 Eggendart Crossing,Las Tejeras,Honduras,
272,Horton Feldman,hfeldman7j@oracle.com,Male,27. 2. 2001,46 Welch Alley,Kiel,Germany,24109
273,Charles Graal,cgraal7k@ucoz.ru,Male,30. 11. 1990,9589 3rd Point,Drenova,Croatia,51301
274,Willard Vedeneev,wvedeneev7l@shop-pro.jp,Male,25. 6. 1993,94689 Helena Court,Pardelhas,Portugal,3870-207
275,Lindon Giraldon,lgiraldon7m@opensource.org,Male,25. 5. 2001,1 Comanche Point,Donji Dobrić,Serbia,
276,Bucky Roycroft,broycroft7n@comcast.net,Male,2. 11. 1989,44 Oak Terrace,Sujiatuo,China,
277,Twyla Dowrey,tdowrey7o@adobe.com,Female,24. 10. 1984,2752 Messerschmidt Circle,Nandaime,Nicaragua,
278,Sax Escot,sescot7p@ocn.ne.jp,Male,22. 1. 1985,384 Banding Parkway,Mulyadadi,Indonesia,
279,Andras Gladwin,agladwin7q@google.it,Male,4. 7. 1993,9 Bultman Terrace,Tongjing,China,
280,Kurtis Chesnut,kchesnut7r@epa.gov,Male,2. 5. 1993,4762 Dakota Trail,Suozhen,China,
281,Christen Bastiman,cbastiman7s@vkontakte.ru,Female,12. 2. 1986,480 Merry Circle,Kawangu,Indonesia,
282,Raddie Liddiard,rliddiard7t@washington.edu,Male,10. 8. 1999,91300 Eagle Crest Parkway,Berëzovskiy,Russia,662514
283,Pietrek Gobourn,pgobourn7u@archive.org,Male,21. 3. 1993,15621 Darwin Lane,Biga,Philippines,7413
284,Scottie Timlett,stimlett7v@techcrunch.com,Male,3. 11. 1988,08032 Corry Center,Kraśniczyn,Poland,22-310
285,Alessandro Iston,aiston7w@intel.com,Male,,83024 Sullivan Street,Bromma,Sweden,167 66
286,Thorsten Chatres,tchatres7x@webs.com,Male,23. 3. 2002,99672 Dryden Parkway,Longos,Philippines,1472
287,Bald Bairstow,bbairstow7y@washingtonpost.com,Male,,006 Veith Street,Moba,China,
288,Amye Madoc-Jones,amadocjones7z@imageshack.us,Female,11. 8. 1985,8 Elgar Road,La Rochelle,France,17014 CEDEX 1
289,Maxy Woodrow,mwoodrow80@acquirethisname.com,Female,5. 1. 1994,42 Mockingbird Avenue,Foumban,Cameroon,
290,Reinhard Folli,rfolli81@opensource.org,Male,,632 Burning Wood Point,Semiletka,Russia,452555
291,Garvin Lucy,glucy82@si.edu,Male,16. 12. 1988,2 Shasta Hill,Dete,Zimbabwe,
292,Pate Thomesson,pthomesson83@ning.com,Male,14. 3. 1993,876 Tennyson Crossing,Nacala,Mozambique,
293,Cary Braunthal,cbraunthal84@tuttocitta.it,Female,3. 11. 1993,3534 Victoria Plaza,Sankui,China,
294,Aksel Benz,abenz85@go.com,Male,6. 10. 1992,84 Dryden Alley,Jubung,Indonesia,
295,Nichole Simmill,,Male,19. 10. 2000,7 Coolidge Place,Sabtang,Philippines,3904
296,Sam Pryde,spryde87@fastcompany.com,Male,22. 5. 2002,6121 Bluejay Terrace,Cihideung Satu,Indonesia,
297,Rebeca Yukhin,ryukhin88@redcross.org,Female,27. 10. 1984,3762 Melody Court,Feilaixia,China,
298,Darcy Prester,dprester89@phpbb.com,Male,28. 10. 2001,0128 Leroy Alley,Neiva,Colombia,410018
299,Hilarius Goor,,Male,23. 10. 1990,834 Lakewood Center,Älvsjö,Sweden,125 46
300,,cjolliff8b@msn.com,Male,11. 10. 1990,2333 Spohn Park,Novaya Derevnya,Russia,186326
301,Mirelle Terrell,mterrell8c@cornell.edu,Female,6. 10. 1994,1203 Village Green Alley,Tanjung Timur,Indonesia,
302,Susy Vinter,svinter8d@yelp.com,Female,5. 6. 1992,29 Burrows Way,Starodub,Russia,243240
303,Ursa Extil,uextil8e@ehow.com,Female,8. 5. 1999,7 Shopko Park,Honiara,Solomon Islands,
304,Gram Stevings,gstevings8f@freewebs.com,Male,4. 10. 2001,670 Dottie Point,Wleń,Poland,59-610
305,Alley A'Barrow,aabarrow8g@wufoo.com,Male,28. 6. 1999,51 Esker Lane,Shahre Jadide Andisheh,Iran,
306,Annadiane Trippack,atrippack8h@timesonline.co.uk,Female,,132 Homewood Alley,Raszków,Poland,63-440
307,Cordie Prescote,cprescote8i@wired.com,Female,24. 2. 1998,66111 Michigan Terrace,Gerdu,Indonesia,
308,,kmanion8j@godaddy.com,Female,4. 12. 1993,676 Vidon Center,Setonokalong,Indonesia,
309,Sasha Zuanelli,,Male,19. 5. 1997,578 Jenna Drive,Itapecuru Mirim,Brazil,65485-000
310,Maje Balcombe,mbalcombe8l@tripadvisor.com,Male,12. 10. 1997,1 Northfield Junction,Tumpakkepuh,Indonesia,
311,Sarena Brobeck,sbrobeck8m@theguardian.com,Female,25. 9. 1986,20 Susan Point,São Francisco do Conde,Brazil,43900-000
312,Osbert Ridolfi,oridolfi8n@addthis.com,Male,29. 7. 2000,1004 Bonner Pass,Pamplona/Iruña,Spain,31010
313,Cyrus McLenahan,,Male,15. 8. 1988,18 Anthes Point,Matalam,Philippines,9406
314,Kipper Melbourne,kmelbourne8p@usda.gov,Male,23. 7. 1988,7 Dwight Junction,Saltsjöbaden,Sweden,133 41
315,Ibby McBeith,imcbeith8q@theguardian.com,Female,12. 4. 1994,7 Scoville Parkway,Tolkmicko,Poland,82-340
316,Rip Mallaby,rmallaby8r@163.com,Male,14. 7. 1988,185 Havey Road,Alderetes,Argentina,4178
317,Joyous Yoell,jyoell8s@examiner.com,Female,,3 Corscot Court,Wonorejo Dua,Indonesia,
318,Kelcy Izat,kizat8t@admin.ch,Female,2. 5. 2001,0148 Fremont Junction,Hengyang,China,
319,Gare Blaase,,Male,11. 2. 1991,787 Sunnyside Way,Zaliznychne,Ukraine,
320,Tudor Timblett,ttimblett8v@blogtalkradio.com,Male,3. 2. 2002,24 Talisman Road,Bromma,Sweden,168 37
321,Karita Hasser,khasser8w@redcross.org,Female,6. 6. 1996,81 Almo Trail,Koga,Japan,869-0233
322,Zechariah Shakshaft,zshakshaft8x@vkontakte.ru,Male,21. 10. 1989,2875 Carey Street,Angelochóri,Greece,
323,Cello Debrett,cdebrett8y@usnews.com,Male,22. 6. 1988,42 Warrior Center,Tazemmourt,Morocco,
324,Fredrick Luckings,fluckings8z@pcworld.com,Male,13. 10. 1997,2796 Burrows Way,Xiadian,China,
325,Patrizio Otson,potson90@accuweather.com,Male,9. 6. 1992,7 High Crossing Place,Daijiaba,China,
326,Redford Calderon,rcalderon91@free.fr,Male,14. 2. 2002,9382 Rusk Circle,Benito Juarez,Mexico,86403
327,Albert Raittie,araittie92@sogou.com,Male,26. 1. 1994,40 Hollow Ridge Park,Aykhal,Russia,623506
328,Irv De Lascy,,Male,10. 6. 1986,04248 Melrose Center,Rędziny,Poland,42-242
329,Briano Sheldrick,bsheldrick94@symantec.com,Male,29. 12. 2001,13024 Truax Hill,Itanhandu,Brazil,37464-000
330,Siegfried Chuter,schuter95@virginia.edu,Male,8. 3. 1995,58220 Northport Crossing,Maralal,Kenya,
331,Germana Brigge,gbrigge96@a8.net,Female,21. 12. 1987,9 Lindbergh Place,Osan,South Korea,
332,Obediah Petti,opetti97@pcworld.com,Male,26. 11. 1994,25897 Redwing Center,Zhuping,China,
333,Dallon Noad,dnoad98@usa.gov,Male,31. 10. 1999,68119 Delladonna Way,Metz,France,57076 CEDEX 03
334,Lisa Rouse,lrouse99@webeden.co.uk,Female,25. 5. 2001,346 Clarendon Hill,Sobreda,Portugal,2815-625
335,Theo Mitchelmore,tmitchelmore9a@pinterest.com,Male,19. 2. 1996,79449 Kingsford Lane,Yeshan,China,
336,Philis Nitto,pnitto9b@reverbnation.com,Female,8. 3. 1998,88175 Magdeline Center,Olszyna,Poland,59-830
337,Aloise Murrish,amurrish9c@sciencedaily.com,Female,12. 10. 1996,24 Waxwing Place,Cortinhas,Portugal,4635-115
338,Audi Inger,,Female,28. 5. 1996,9633 Sloan Alley,Port-au-Prince,Haiti,
339,Pippa Covert,pcovert9e@fastcompany.com,Female,4. 12. 1990,5 Vera Lane,Nijmegen,Netherlands,6519
340,Lamond McGreary,lmcgreary9f@de.vu,Male,3. 8. 1999,4 Ruskin Hill,Daqian,China,
341,Valentine Berney,vberney9g@github.com,Female,21. 9. 1988,77180 Hayes Alley,Aytos,Bulgaria,8521
342,Donetta Gabel,dgabel9h@jalbum.net,Female,28. 1. 1997,32 Scoville Trail,Salaza,Philippines,2211
343,Emma Steward,esteward9i@free.fr,Female,3. 4. 1987,29 Hollow Ridge Trail,Jiefang,China,
344,Cordell Oller,coller9j@huffingtonpost.com,Male,27. 2. 1990,7 American Drive,Cacoal,Brazil,78975-000
345,Lewes Craigheid,lcraigheid9k@cloudflare.com,Male,,8477 Meadow Ridge Pass,Almafuerte,Argentina,3317
346,Laney Groome,,Female,26. 12. 1989,8 Schiller Road,Coronda,Argentina,2240
347,Buddy Paolo,,Male,15. 1. 1987,423 Dexter Parkway,Charlotte,United States,28263
348,Clem Seville,cseville9n@wikipedia.org,Male,20. 7. 2001,93142 Eastwood Alley,Xiaoyang,China,
349,Emylee Rysdale,erysdale9o@unblog.fr,Female,5. 3. 1996,566 Hauk Place,Iksan,South Korea,
350,Alister Rishbrook,,Male,31. 3. 2000,343 Hanover Circle,‘Afrīn,Syria,
351,Carolus MacAndrew,,Male,18. 9. 1992,1 Kenwood Terrace,Sandaotong,China,
352,Perri Castelletti,pcastelletti9r@arizona.edu,Female,17. 8. 1996,81054 Sachtjen Park,Lukićevo,Serbia,
353,Rourke Leaney,rleaney9s@goodreads.com,Male,14. 5. 1995,5607 Dexter Drive,Bárrio,Portugal,4830-791
354,Wendeline Baudou,wbaudou9t@un.org,Female,30. 10. 1992,0 Arrowood Pass,Maceda,Portugal,3885-705
355,Ramona Gulleford,,Female,21. 10. 1985,2 Bashford Point,Villeneuve-la-Garenne,France,92398 CEDEX
356,Guntar Oak,goak9v@chron.com,Male,30. 10. 1999,5 Banding Point,Launceston,Australia,7916
357,Liz Gepheart,lgepheart9w@wix.com,Female,30. 12. 2001,28 Laurel Parkway,Palma De Mallorca,Spain,07015
358,Jaye Yitzhakof,jyitzhakof9x@devhub.com,Male,28. 3. 1997,1 Michigan Place,Lyon,France,69239 CEDEX 02
359,Carmine Duchan,cduchan9y@sfgate.com,Male,25. 9. 1999,72608 Kropf Park,Labuan,Malaysia,87028
360,Zak Lowless,zlowless9z@wikia.com,Male,10. 10. 1994,332 Cardinal Trail,Perivóli,Greece,
361,Petunia Yukhov,pyukhova0@nbcnews.com,Female,26. 12. 1989,77703 Lake View Drive,Gurinai,China,
362,Alfy Questier,aquestiera1@mlb.com,Female,12. 9. 1986,73 Lillian Point,Viradouro,Brazil,14740-000
363,Genny Burley,gburleya2@elpais.com,Female,29. 5. 2002,899 Corscot Junction,Qiewa,China,
364,Gerhard Skull,gskulla3@amazon.com,Male,3. 12. 1991,457 Jackson Park,Lucun,China,
365,Natal Danielsen,ndanielsena4@aol.com,Male,,58 Declaration Alley,Dnestrovsc,Moldova,MD-3352
366,Casar Luberti,clubertia5@oaic.gov.au,Male,14. 6. 2001,1 Drewry Junction,Thulamahashi,South Africa,8655
367,Dilan Thoms,dthomsa6@sohu.com,Male,18. 12. 1984,655 Monterey Court,Wiri,New Zealand,2241
368,Matelda Bodycomb,mbodycomba7@sciencedirect.com,Female,30. 6. 2002,45094 Westridge Place,Wilwerwiltz,Luxembourg,L-9776
369,Mellisa Bakewell,mbakewella8@dedecms.com,Female,12. 1. 1988,197 Oneill Place,Neochórion,Greece,
370,Catha Cochrane,ccochranea9@imgur.com,Female,7. 3. 2000,93411 Chinook Pass,Tonoas Municipal Building,Micronesia,
371,Tremayne McCowen,tmccowenaa@surveymonkey.com,Male,12. 10. 1996,731 Hovde Street,Conchagua,El Salvador,
372,Rayner Tirkin,rtirkinab@gizmodo.com,Male,10. 10. 1990,93762 Nancy Crossing,Dzhiginka,Russia,356830
373,Clarita Creeboe,ccreeboeac@canalblog.com,Female,22. 12. 1999,682 Shopko Road,Nakanojōmachi,Japan,377-0816
374,Kassi Duddy,kduddyad@phoca.cz,Female,13. 1. 1996,47 Oak Valley Court,Bomomani,Indonesia,
375,Bria Dryburgh,bdryburghae@patch.com,Female,9. 8. 1988,93 Evergreen Alley,Pizhanka,Russia,613380
376,Sharon Coghlan,scoghlanaf@edublogs.org,Female,7. 7. 1999,8 Superior Drive,Guaporé,Brazil,99200-000
377,Say Saldler,ssaldlerag@epa.gov,Male,4. 8. 1985,85730 Old Gate Trail,Arzakan,Armenia,
378,Reeva Patridge,rpatridgeah@instagram.com,Female,8. 3. 1996,56 Gateway Park,Mao’ershan,China,
379,Archambault Headings,aheadingsai@hugedomains.com,Male,12. 5. 1989,8969 Hintze Drive,Kalangan,Indonesia,
380,Gretal Fetteplace,gfetteplaceaj@exblog.jp,Female,,62 Shelley Circle,Shouzhan,China,
381,Hildagard Reeme,hreemeak@dagondesign.com,Female,20. 8. 1995,9 Express Place,Sumbersih,Indonesia,
382,Gabbi Kleeman,,Female,8. 5. 1988,248 Ryan Point,Qiulu,China,
383,,jpoggam@taobao.com,Male,4. 6. 1995,6 Logan Point,Могила,Macedonia,7216
384,Jeanna Durno,,Female,28. 3. 2002,69202 Hauk Trail,Estacion,Philippines,3322
385,Obediah Raithbie,oraithbieao@baidu.com,Male,10. 7. 1997,7 Lunder Court,Huajialing,China,
386,odilia Fuster,ofusterap@reddit.com,Female,2. 7. 1993,475 Ramsey Crossing,Lâm Thao,Vietnam,
387,Arthur Dunstall,,Male,14. 11. 1996,44 Sage Road,Xifangcheng,China,
388,Susannah bickerstaffe,sbickerstaffear@last.fm,Female,23. 12. 1986,510 Chinook Road,San Marcos,Guatemala,12001
389,atlanta grovier,agrovieras@github.com,Female,8. 5. 2001,0 Melody Street,Gardutanjak,Indonesia,
390,Gypsy Hallworth,ghallworthat@wsj.com,Female,25. 9. 1987,5734 Mosinee Point,Sidi Bouzid,Tunisia,
391,fey filmer,ffilmerau@cbslocal.com,Female,1. 3. 2000,6 Caliangt Road,Yahe,China,
392,Christean Meany,,Female,19. 3. 1988,0491 Hanson Street,Deranitan,Indonesia,
393,Wiatt Folcarelli,wfolcarelliaw@123-reg.co.uk,Male,27. 2. 2002,553 Lakeland Terrace,Uptar,Russia,685918
394,Laryssa Kinge,lkingeax@google.co.jp,Female,13. 5. 1994,72 Waywood Road,Agen,France,47020 CEDEX 9
395,Wallie Delgua,wdelguaay@smh.com.au,Female,10. 6. 2001,52 Del Mar Pass,Thorold,Canada,L2V
396,Evangelina Blakesley,eblakesleyaz@marketwatch.com,Female,,756 Ridgeview Trail,Housuo,China,
397,Kim Buzza,kbuzzab0@home.pl,Male,30. 7. 1999,9389 Haas Street,Prado Siongco,Philippines,6415
398,Becky Setterthwait,bsetterthwaitb1@clickbank.net,Female,18. 6. 2000,79 Schlimgen Court,Starokorsunskaya,Russia,385274
399,,bshawellb2@pcworld.com,Female,16. 2. 1993,1984 Twin Pines Trail,Fenghuo,China,
400,Edlin Yglesias,eyglesiasb3@addthis.com,Male,29. 6. 1991,1 Becker Road,Laoxingchang,China,
401,Hadria Runnacles,hrunnaclesb4@disqus.com,Female,13. 11. 1989,7 Talmadge Terrace,Mindyak,Russia,175320
402,Travers Alderton,taldertonb5@phoca.cz,Male,7. 12. 1995,56 Sundown Avenue,Changle,China,
403,Olivie Prene,opreneb6@independent.co.uk,Female,18. 7. 1990,900 East Point,Nielisz,Poland,22-413
404,Gaspard Holdey,gholdeyb7@php.net,Male,26. 7. 1991,5 Derek Way,Kotabaru,Indonesia,
405,Abey Keen,akeenb8@issuu.com,Male,7. 4. 2001,31524 Lakeland Alley,Telagaselaba,Indonesia,
406,Corly Tonbridge,ctonbridgeb9@4shared.com,Female,27. 8. 1995,00569 Hanson Plaza,Alenquer,Brazil,68200-000
407,Rene Gunnell,rgunnellba@comcast.net,Female,21. 6. 1987,15 Toban Junction,Bayt Ta‘mar,Palestinian Territory,
408,Erastus Piatto,epiattobb@shinystat.com,Male,5. 1. 1997,9 Oxford Terrace,Paris 20,France,75976 CEDEX 20
409,Eward Sindall,esindallbc@webeden.co.uk,Male,16. 8. 1996,81074 Elka Way,Mirny,Russia,678179
410,Esta Sinclaire,esinclairebd@deliciousdays.com,Female,24. 2. 1987,845 Spenser Court,Waajid,Somalia,
411,Reyna Goldstone,,Female,14. 1. 1998,11372 Village Green Pass,Francisco J Mujica,Mexico,59762
412,Matteo O'Dunneen,modunneenbf@gizmodo.com,Male,23. 5. 1996,3 Anthes Road,Kelmė,Lithuania,86001
413,Tann Hardes,thardesbg@patch.com,Male,24. 1. 1991,05446 Calypso Terrace,Kezileboyi,China,
414,Anne Heare,ahearebh@ifeng.com,Female,1. 4. 2001,1 La Follette Way,Khōshī,Afghanistan,
415,Sloan Sheivels,ssheivelsbi@facebook.com,Male,11. 8. 1985,043 Harper Terrace,Tehrān,Iran,
416,Ingunna Hamments,ihammentsbj@cam.ac.uk,Female,25. 3. 2000,7553 Carioca Terrace,Mengla,China,
417,Evelyn Glandon,eglandonbk@amazon.co.jp,Male,21. 10. 1990,52319 Bowman Hill,Teresina,Brazil,64000-000
418,Zaria Wicken,,Female,,6 Doe Crossing Terrace,Sukhinichi,Russia,249275
419,Thacher Walsh,twalshbm@gizmodo.com,Male,11. 5. 2002,4 Ryan Trail,Sankt Lorenzen im Mürztal,Austria,8644
420,Lela Burkert,lburkertbn@senate.gov,Female,21. 5. 2001,927 Bobwhite Pass,Roskoshnyy,Ukraine,
421,Layla Besson,lbessonbo@shareasale.com,Female,19. 6. 1986,9716 Rigney Pass,Huangji,China,
422,Harbert McAleese,hmcaleesebp@apache.org,Male,30. 12. 1988,95 Hazelcrest Road,Pangkalan,Indonesia,
423,Vincents Scotchbrook,vscotchbrookbq@diigo.com,Male,7. 2. 1995,50573 Quincy Place,Vinsady,Russia,357408
424,Sosanna Dunbabin,sdunbabinbr@oracle.com,Female,7. 5. 1988,67142 East Junction,Urho,China,
425,Thebault Maiklem,tmaiklembs@alibaba.com,Male,3. 3. 1992,7 Toban Crossing,Shatian,China,
426,Juliane Lamberto,jlambertobt@theatlantic.com,Female,21. 9. 1993,0258 Hintze Parkway,Nangerang,Indonesia,
427,Braden Hansom,bhansombu@ucsd.edu,Male,1. 5. 1994,0006 Kim Crossing,Maluko,Philippines,9800
428,Tersina Bloom,tbloombv@phpbb.com,Female,13. 4. 1991,62556 Victoria Center,Hongch’ŏn,South Korea,
429,,bbabstbw@guardian.co.uk,Female,17. 5. 1994,401 Golden Leaf Circle,Wufeng,China,
430,Nichole Scud,nscudbx@cdbaby.com,Male,10. 7. 2000,15 Scoville Way,Áno Kastrítsion,Greece,
431,Sax McPake,smcpakeby@mashable.com,Male,24. 9. 1988,230 New Castle Hill,Lysekil,Sweden,453 35
432,Prentiss McIvor,pmcivorbz@hibu.com,Male,3. 9. 1995,198 Commercial Road,Pokhara,Nepal,
433,Casandra Titchen,ctitchenc0@desdev.cn,Female,14. 10. 1988,2 Towne Road,Winduraja,Indonesia,
434,Felita Skypp,fskyppc1@exblog.jp,Female,6. 8. 1991,204 Corscot Point,Donghe,China,
435,Emiline Marshallsay,emarshallsayc2@cnbc.com,Female,18. 7. 2001,4 Hovde Avenue,Eauripik,Micronesia,
436,Hetti Woof,hwoofc3@omniture.com,Female,29. 11. 1990,26 Mesta Way,Phetchabun,Thailand,45110
437,Alleen Blumire,ablumirec4@tamu.edu,Female,24. 4. 1995,006 Lighthouse Bay Trail,Divinópolis,Brazil,35500-000
438,Kirby Drane,kdranec5@census.gov,Female,20. 11. 2001,6653 Shasta Junction,Mangaldan,Philippines,2432
439,,pgreguolc6@wordpress.com,Male,4. 3. 1989,8 Loomis Street,Kelmė,Lithuania,86001
440,Simonette Stack,sstackc7@sphinn.com,Female,5. 2. 1985,6125 Magdeline Hill,Patenongan,Indonesia,
441,Massimo Abrahamsson,mabrahamssonc8@ucoz.com,Male,21. 10. 1994,51454 Kings Center,Sukabatu,Indonesia,
442,Jacquette Hayhow,jhayhowc9@foxnews.com,Female,23. 12. 2001,84307 Canary Trail,Pakisaji,Indonesia,
443,Granthem Hammell,ghammellca@instagram.com,Male,22. 2. 1997,2717 Dapin Plaza,Sorren Daya,Indonesia,
444,Fee Bridgland,fbridglandcb@t-online.de,Male,13. 4. 1994,0 Nevada Trail,Paoay,Philippines,2902
445,Geraldine Bernardoni,,Female,24. 6. 2000,4 Truax Circle,Melfort,Canada,B3H
446,Wernher Fassbindler,,Male,25. 10. 1996,05913 Sycamore Center,Bergen,Norway,5849
447,Levey Goodlake,,Male,17. 3. 2001,1 Texas Crossing,Voskop,Albania,
448,Blisse Eglington,,Female,,89 Bayside Crossing,Sabadell,Spain,08204
449,Blanche D'Alesco,bdalescocg@wp.com,Female,10. 7. 1999,9508 Pennsylvania Park,Kayu Agung,Indonesia,
450,Remington Warsop,rwarsopch@mit.edu,Male,18. 2. 1993,4645 Esker Terrace,Honglong,China,
451,Yale Keel,ykeelci@ask.com,Male,31. 3. 1990,9 Sutherland Plaza,Krasnohrad,Ukraine,
452,Rita De Luna,rdecj@economist.com,Female,11. 12. 1991,7 Granby Pass,Adigeni,Georgia,
453,Marion McLafferty,mmclaffertyck@mapquest.com,Female,10. 8. 1986,58204 Bultman Place,Tenja,Croatia,31207
454,Ramon Dunkerton,rdunkertoncl@xinhuanet.com,Male,2. 2. 1986,1 Oak Alley,Jiahu,China,
455,Bronny MacNelly,bmacnellycm@xing.com,Male,18. 12. 1995,2 Buell Plaza,Lancang,Indonesia,
456,Lockwood Blaw,lblawcn@cornell.edu,Male,30. 11. 1997,16 Utah Parkway,Bar,Montenegro,
457,Gretel Champneys,gchampneysco@yale.edu,Female,23. 7. 1986,11199 Tennessee Terrace,Karangsuko,Indonesia,
458,Robinia Gofford,rgoffordcp@cbc.ca,Female,5. 1. 2000,625 Sunbrook Plaza,Maibu,Philippines,8504
459,Freemon Worsnap,fworsnapcq@chicagotribune.com,Male,26. 9. 1986,53191 Eastlawn Road,Lanxi,China,
460,Arlina Bonnick,abonnickcr@bizjournals.com,Female,10. 10. 1992,45039 Twin Pines Center,Zākhū,Iraq,
461,Mary Greenroad,mgreenroadcs@dropbox.com,Female,29. 4. 2001,275 Buell Center,Gombong,Indonesia,
462,Ronalda McCulloch,rmccullochct@goodreads.com,Female,30. 10. 1989,31 Bonner Hill,Hukeng,China,
463,Ediva Omar,eomarcu@mit.edu,Female,4. 9. 1992,265 Barnett Crossing,Bol’shaya Setun’,Russia,249028
464,tate Goulthorp,tgoulthorpcv@mit.edu,Male,12. 6. 2001,9113 Kim Road,Ostrožská Nová Ves,Czech Republic,687 22
465,Junette Toe,jtoecw@angelfire.com,Female,9. 7. 1994,09181 Dixon Point,Sarajevo,Bosnia and Herzegovina,
466,Karen Hawket,khawketcx@cam.ac.uk,Female,11. 1. 1986,5304 Mesta Street,Amsterdam Nieuw West,Netherlands,1069
467,Stephen Kilfedder,skilfeddercy@microsoft.com,Male,7. 8. 1997,9 Rigney Point,Amargosa,Brazil,45300-000
468,Constantine Whiteway,cwhitewaycz@google.com.br,Male,3. 5. 1995,30 Superior Road,Kerva,Russia,140713
469,Jami Kenner,jkennerd0@addtoany.com,Female,10. 12. 1984,6401 Heath Terrace,Kamen,Croatia,21000
470,Ezechiel Larmouth,,Male,9. 11. 1988,62485 Parkside Circle,Yunhe,China,
471,Lorry Maus,lmausd2@discuz.net,Female,25. 7. 1994,284 Waywood Parkway,Lapa do Lobo,Portugal,3525-606
472,,sderoosd3@soundcloud.com,Male,18. 12. 1995,6894 Arapahoe Terrace,Stryszów,Poland,34-146
473,Glenden Dumsday,gdumsdayd4@wikimedia.org,Male,5. 11. 2000,944 Graceland Drive,Krajan Tengah,Indonesia,
474,Bryan Gaylord,bgaylordd5@ca.gov,Male,8. 11. 1989,61 Hansons Junction,Stobreč,Croatia,21311
475,Chrisy Moyle,cmoyled6@cmu.edu,Male,27. 5. 1997,9206 Everett Court,Nałęczów,Poland,24-150
476,Lorena Brotherwood,lbrotherwoodd7@desdev.cn,Female,11. 7. 1990,40 Knutson Crossing,Stockholm,Sweden,113 59
477,Denis Pitceathly,dpitceathlyd8@de.vu,Male,16. 10. 2001,537 Mosinee Circle,Gus’-Zheleznyy,Russia,391327
478,Amara Baulcombe,abaulcombed9@smh.com.au,Female,5. 1. 1998,0322 Elka Center,Limoges,France,87077 CEDEX 9
479,Maridel Tatnell,mtatnellda@mashable.com,Female,28. 7. 2001,52488 Sloan Avenue,Lagasit,Philippines,2446
480,Emlynne Outridge,eoutridgedb@usa.gov,Female,29. 11. 2000,1752 Waubesa Way,Puan,South Korea,
481,Gay Dimitrie,gdimitriedc@goo.ne.jp,Male,8. 6. 2000,87796 Columbus Drive,Little Rock,United States,72209
482,Garrett Rodd,grodddd@sohu.com,Male,5. 5. 1994,08709 Sunbrook Street,Berlin,Germany,12103
483,Blondie Norgate,bnorgatede@npr.org,Female,9. 7. 2002,9906 Anhalt Park,Kedungwaru,Indonesia,
484,Dud Elmore,delmoredf@uiuc.edu,Male,20. 2. 1998,221 Doe Crossing Terrace,Puerto Aisén,Chile,
485,Muhammad Gosson,mgossondg@cmu.edu,Male,8. 10. 1993,7 Spaight Point,Boende,Democratic Republic of the Congo,
486,Rosemarie Pavlitschek,,Female,,04726 Kensington Lane,Evansville,United States,47732
487,Coral Bartoszinski,cbartoszinskidi@sakura.ne.jp,Female,30. 4. 1985,67 Novick Junction,Kangaslampi,Finland,79480
488,Jacinthe Ledur,jledurdj@1688.com,Female,26. 6. 1995,330 Fuller Parkway,New York City,United States,10125
489,Yuri Able,,Male,,87539 Gulseth Circle,Bama,Nigeria,
490,Shannon Seadon,sseadondl@joomla.org,Male,19. 9. 1991,4 Hayes Alley,Shilong,China,
491,Dominique Stickings,dstickingsdm@altervista.org,Male,14. 3. 1991,4133 Lunder Street,Kokstad,South Africa,4710
492,Sharia Wrathmall,swrathmalldn@chronoengine.com,Female,9. 2. 2002,1213 Knutson Circle,España,Philippines,1444
493,,lbisterfelddo@wikimedia.org,Male,19. 4. 1985,8594 Novick Avenue,Douarnenez,France,29174 CEDEX
494,Tera Naptin,tnaptindp@businesswire.com,Female,26. 4. 1988,7 Bartillon Center,Ārifwāla,Pakistan,50770
495,Riva Wann,rwanndq@de.vu,Female,20. 9. 1986,870 Hoffman Alley,Monte de Fralães,Portugal,4775-174
496,Ariel Welland,awellanddr@marketwatch.com,Female,15. 6. 1999,834 Coolidge Point,Dongjin,China,
497,Alica Baines,abainesds@printfriendly.com,Female,6. 3. 1987,97090 Vahlen Terrace,Málaga,Colombia,682027
498,Ermanno Binden,ebindendt@cyberchimps.com,Male,20. 7. 1996,84 Carpenter Pass,Pingdong,China,
499,Celia Sicily,csicilydu@eventbrite.com,Female,21. 10. 1996,4440 Sunnyside Street,Drakino,Russia,397943
500,Paolo Hulland,phullanddv@hugedomains.com,Male,22. 10. 1986,1 Lakewood Way,Moba,China,
501,Nixie Aizikovitz,naizikovitzdw@dion.ne.jp,Female,27. 2. 1998,82812 Summerview Pass,Quận Tân Phú,Vietnam,
502,Ase Neath,aneathdx@gnu.org,Male,7. 11. 1999,2428 Oak Way,Dakoutun,China,
503,Jemmy Chinnock,jchinnockdy@canalblog.com,Female,8. 3. 1999,3 Moulton Hill,Galitsy,Russia,606085
504,Druci Stobo,dstobodz@washington.edu,Female,30. 4. 1998,3209 Harper Lane,Årsta,Sweden,120 38
505,Isidor Hillitt,ihillitte0@qq.com,Male,3. 4. 2001,4 Hintze Center,Binkolo,Sierra Leone,
506,Jewelle Toby,jtobye1@gizmodo.com,Female,12. 1. 1996,44 Alpine Trail,Santo Domingo,Cuba,
507,Bobbie Semken,bsemkene2@twitter.com,Male,14. 7. 2000,612 Oriole Trail,Uthai,Thailand,13210
508,Shannan Slader,ssladere3@statcounter.com,Male,8. 7. 1996,26988 Merry Parkway,Phetchaburi,Thailand,76150
509,Juliann Jacks,jjackse4@walmart.com,Female,2. 12. 2001,74444 East Parkway,Roma,Italy,00174
510,Sheridan Haggis,shaggise5@cbc.ca,Male,1. 7. 1993,6714 Ruskin Point,Paris 03,France,75151 CEDEX 03
511,Kitti O Mullen,koe6@angelfire.com,Female,26. 3. 1997,3 Forest Run Circle,Maredakamau,Indonesia,
512,Cort Peel,cpeele7@webs.com,Male,29. 1. 1993,5189 Crescent Oaks Trail,Yuanling,China,
513,Deck Bonass,dbonasse8@vinaora.com,Male,14. 3. 1998,2 Myrtle Pass,Lama,Portugal,4890-372
514,Ellie Gillison,egillisone9@seesaa.net,Female,25. 11. 1992,4 Dexter Hill,Gaya,Nigeria,
515,Desirae Southerns,dsouthernsea@adobe.com,Female,25. 10. 1992,52742 Kinsman Pass,Jardin,Mexico,93439
516,Piggy Paris,ppariseb@sohu.com,Male,4. 2. 1994,73 Arapahoe Trail,Stryszów,Poland,34-146
517,Cullan Hart,chartec@slashdot.org,Male,18. 7. 2002,2003 Mallard Pass,Novo Hamburgo,Brazil,93300-000
518,Marys Coviello,mcovielloed@umich.edu,Female,3. 8. 1992,457 Larry Pass,Baqiu,China,
519,Oliver O'Codihie,oocodihieee@businessweek.com,Male,5. 11. 1995,0 Lyons Hill,Gálvez,Argentina,2253
520,Gerek McKeurtan,gmckeurtanef@clickbank.net,Male,14. 2. 1993,7 Grim Parkway,Akriní,Greece,
521,Oates Liver,,Male,6. 6. 1997,89124 Express Park,Shuixi,China,
522,Virgilio Vauter,vvautereh@csmonitor.com,Male,10. 2. 1993,785 Springs Alley,Kauran,Philippines,1106
523,Elfrieda Mannion,emannionei@amazon.com,Female,7. 5. 1987,8386 Straubel Trail,Roma,Italy,00141
524,Queenie Leftly,qleftlyej@rakuten.co.jp,Female,6. 11. 1993,12 Caliangt Alley,Rinbung,China,
525,Kerby Kruszelnicki,kkruszelnickiek@shop-pro.jp,Male,17. 7. 1988,892 Sage Road,Kokop,Indonesia,
526,Piggy Boyford,pboyfordel@storify.com,Male,25. 12. 1996,14016 Norway Maple Parkway,Borova,Ukraine,
527,Sile Buye,sbuyeem@theatlantic.com,Female,13. 11. 1986,07890 Kinsman Terrace,Jezzîne,Lebanon,
528,Brewer Lenchenko,blenchenkoen@is.gd,Male,10. 3. 1985,99 Red Cloud Plaza,Várzea Grande,Brazil,64525-000
529,Giustina Haverty,ghavertyeo@usgs.gov,Female,31. 10. 2000,57571 Armistice Avenue,Sarany,Russia,659434
530,Salomi Sprowle,ssprowleep@arstechnica.com,Female,18. 9. 1989,1 Namekagon Crossing,Tierralta,Colombia,234518
531,,gingoneq@moonfruit.com,Male,8. 12. 1993,24139 Goodland Trail,Néa Pélla,Greece,
532,Nicola MacPharlain,nmacpharlainer@rediff.com,Male,25. 11. 1985,756 Lillian Lane,Srpska Crnja,Serbia,
533,,csladeres@wikipedia.org,Female,18. 10. 1991,3282 Petterle Circle,Guacara,Venezuela,
534,Randall Autrie,rautrieet@thetimes.co.uk,Male,21. 8. 1988,41668 Alpine Avenue,Saint-Herblain,France,44804 CEDEX
535,Lib Hellier,,Female,30. 7. 1997,598 Mayfield Trail,Sobral,Portugal,4990-585
536,Kimbell Holliar,kholliarev@i2i.jp,Male,17. 10. 1992,80 Lakewood Gardens Park,Vila Nova,Portugal,5445-072
537,Celestyn Bonnyson,cbonnysonew@unc.edu,Female,2. 2. 1991,02 Garrison Street,Hecheng,China,
538,Modestia Gawkes,mgawkesex@va.gov,Female,24. 8. 1992,53 Coleman Pass,Ban Lŭng,Cambodia,
539,Jena Cafferty,jcaffertyey@sogou.com,Female,3. 7. 1989,1 Paget Plaza,Kampungruweh,Indonesia,
540,Saidee Noddle,snoddleez@engadget.com,Female,20. 1. 1987,9342 Waywood Junction,Paris 02,France,75075 CEDEX 02
541,Lydia Hammelberg,,Female,9. 2. 1987,3413 Lakewood Gardens Street,Oliveira de Baixo,Portugal,3515-541
542,Dorelle Shetliff,dshetlifff1@blogs.com,Female,18. 5. 1986,65 Heath Point,Xiadingjia,China,
543,,emanilowf2@dailymail.co.uk,Female,23. 4. 1999,32 Hansons Plaza,Bali,Cameroon,
544,Sherri Jacobsen,sjacobsenf3@wikispaces.com,Female,27. 2. 1991,3536 Thierer Park,Suva Reka,Kosovo,
545,Chan Stoute,cstoutef4@ca.gov,Male,20. 12. 1986,0 Riverside Terrace,Ailuk,Marshall Islands,96960
546,Nathanil Ruler,nrulerf5@hibu.com,Male,18. 6. 1988,72 Atwood Court,Naushki,Russia,671820
547,Giusto Charker,gcharkerf6@godaddy.com,Male,7. 7. 1990,97 Weeping Birch Point,Sambong,Indonesia,
548,Nadine Schwieso,nschwiesof7@free.fr,Female,7. 2. 1996,3 Warrior Trail,Heemstede,Netherlands,2104
549,Casar Hopfner,chopfnerf8@cam.ac.uk,Male,18. 11. 1987,69480 Carey Trail,Bongandanga,Democratic Republic of the Congo,
550,Merwyn Muddiman,mmuddimanf9@washington.edu,Male,1. 3. 1987,61965 Coolidge Park,Lagoa da Prata,Brazil,35590-000
551,Devina Day,,Female,14. 11. 1991,3 Village Green Junction,Kaset Sombun,Thailand,36120
552,Jackson Yaldren,,Male,19. 10. 1999,53840 Bowman Center,Ptghunk’,Armenia,
553,Carolus Leborgne,cleborgnefc@dailymotion.com,Male,6. 1. 1988,0 Shopko Junction,Montaigu,France,85614 CEDEX
554,Marni Van der Daal,mvanfd@wikimedia.org,Female,26. 5. 1993,1 Basil Hill,Kashihara-shi,Japan,639-2244
555,,lofferfe@merriam-webster.com,Female,19. 8. 1989,7 Kipling Place,Mgandu,Tanzania,
556,Tamar Vigus,tvigusff@cbslocal.com,Female,1. 2. 1987,922 Forest Trail,La Palma,Mexico,52600
557,Gerrilee Dooler,gdoolerfg@gizmodo.com,Female,6. 12. 2001,77175 Graedel Circle,Koncang,Indonesia,
558,Rocky Ingleton,,Male,7. 5. 1990,67171 Veith Junction,Magisterial,Mexico,99750
559,Hedvig McNamara,,Female,31. 1. 1989,364 Bartillon Court,Wotho,Marshall Islands,96960
560,Virgina Adenet,vadenetfj@imdb.com,Female,31. 10. 1999,137 Mcbride Alley,Xiaoyi,China,
561,Maddi Krelle,mkrellefk@gravatar.com,Female,,298 Schiller Alley,Cai Doi Vam,Vietnam,
562,Filmer Harding,,Male,9. 3. 1986,1 Steensland Court,Agrela,Portugal,4980-501
563,Caressa Spary,csparyfm@goodreads.com,Female,2. 7. 1998,84384 Lakewood Gardens Avenue,El Porvenir,Mexico,29920
564,Marquita Castleton,mcastletonfn@walmart.com,Female,,4 Alpine Alley,Cikiwul Satu,Indonesia,
565,Quintilla Oag,qoagfo@eventbrite.com,Female,6. 12. 1987,911 Namekagon Hill,Qingkou,China,
566,Herbie Clarke,hclarkefp@typepad.com,Male,21. 1. 1997,48584 Oak Hill,Milicz,Poland,56-300
567,Alberto Reddings,areddingsfq@w3.org,Male,8. 7. 1986,3 Alpine Terrace,Gaoshan,China,
568,Lusa Gabby,lgabbyfr@ihg.com,Female,9. 3. 1986,90612 Fairfield Way,Halden,Norway,1768
569,Corbin Woodroof,cwoodrooffs@examiner.com,Male,7. 5. 1990,0087 6th Plaza,Limenária,Greece,
570,Isador Loble,ilobleft@barnesandnoble.com,Male,20. 10. 1989,6760 Merchant Way,San Juan,Philippines,6227
571,Blanch Coomes,bcoomesfu@berkeley.edu,Female,31. 10. 1984,94 Sage Point,Rustam jo Goth,Pakistan,78051
572,Gun Lampaert,glampaertfv@imageshack.us,Male,24. 9. 1988,4 Stang Drive,Xumai,China,
573,Darill Hapke,,Male,21. 7. 1994,1 Melody Drive,Saint-Bruno,Canada,J3V
574,Darnell Chamley,dchamleyfx@weibo.com,Male,31. 12. 1995,8181 Lawn Alley,Sembon,Indonesia,
575,Daniella Shinner,,Female,7. 11. 1990,2 Sherman Lane,Red Hill,New Zealand,2110
576,Johanna Gyorgy,,Female,6. 10. 1988,0 Lakewood Gardens Trail,Al ‘Ashshah,Yemen,
577,Carleton Salzburg,csalzburgg0@joomla.org,Male,23. 7. 1992,2641 Thackeray Alley,Batiovo,Ukraine,
578,Fernandina Balmforth,fbalmforthg1@pbs.org,Female,25. 5. 1996,97160 Grayhawk Center,Lopar,Croatia,51281
579,Jarret Najafian,jnajafiang2@shop-pro.jp,Male,24. 3. 1996,46 Badeau Point,Karlskoga,Sweden,691 34
580,Ilene Franchi,ifranchig3@wired.com,Female,,986 Sunbrook Pass,Walichnowy,Poland,85-056
581,Corine Fleckno,cflecknog4@zimbio.com,Female,13. 5. 1992,949 Barnett Way,Cabuyaro,Colombia,501018
582,Lucas Allibone,lalliboneg5@clickbank.net,Male,6. 12. 1985,6 Mallard Place,Shilaoren,China,
583,Baxter Landrick,blandrickg6@geocities.jp,Male,2. 11. 1999,2411 Katie Avenue,Kibondo,Tanzania,
584,Yankee Baldwin,ybaldwing7@google.com.au,Male,31. 10. 2000,5301 Fulton Way,Houping,China,
585,Cathe Streatfield,,Female,3. 10. 1996,00978 Spenser Place,La Coipa,Peru,
586,Welby Torry,wtorryg9@blinklist.com,Male,6. 10. 2000,1078 Saint Paul Center,Ituiutaba,Brazil,38300-000
587,Abeu Drinkhill,adrinkhillga@forbes.com,Male,18. 9. 1994,1467 Tomscot Lane,Chicheng,China,
588,Kathe Broxholme,kbroxholmegb@unblog.fr,Female,2. 7. 1998,0314 Evergreen Plaza,Orleans,Brazil,88870-000
589,,,Male,,039 Rusk Place,Sūrāb,Pakistan,23161
590,Aluino Sheather,asheathergd@youtu.be,Male,14. 10. 1992,9791 Quincy Trail,Lido,Indonesia,
591,Conrado Hardingham,chardinghamge@icq.com,Male,18. 9. 1992,79882 Saint Paul Avenue,Mashui,China,
592,Ab Eyden,aeydengf@huffingtonpost.com,Male,27. 4. 2002,793 Westport Parkway,Kołaczyce,Poland,38-213
593,Roberto Polglase,,Male,1. 11. 2001,27716 Gateway Plaza,Kirovsk,Russia,184256
594,Danyelle Burwin,dburwingh@dmoz.org,Female,29. 10. 1984,1 Commercial Park,Litvínovice,Czech Republic,370 01
595,Jory Shotboulte,jshotboultegi@sohu.com,Male,20. 3. 2001,92032 Montana Street,Kuroda,Japan,958-0224
596,Mateo Lepard,,Male,23. 8. 1985,86 Bunting Trail,Ilongero,Tanzania,
597,Gertrude Keneleyside,gkeneleysidegk@arizona.edu,Female,13. 6. 1985,47 Ridgeway Street,Yunlu,China,
598,Morry Blachford,mblachfordgl@va.gov,Male,3. 1. 1998,13 Bluestem Court,Khlong Khuean,Thailand,34280
599,Myrtie Dysert,mdysertgm@istockphoto.com,Female,13. 1. 2000,7 Forest Dale Pass,Yangfang,China,
600,Spence Priel,sprielgn@forbes.com,Male,22. 8. 1992,4 Spenser Terrace,Waitara,New Zealand,4346
601,Davis Autin,dautingo@apache.org,Male,6. 10. 2001,5969 Vermont Point,Motrico,Philippines,2826
602,Corette Schoffel,cschoffelgp@globo.com,Female,1. 5. 1987,6376 Hovde Plaza,Vidyayevo,Russia,184389
603,Emmett Clapham,eclaphamgq@de.vu,Male,,7 Artisan Parkway,Lyubertsy,Russia,140074
604,Elsworth Pearse,epearsegr@creativecommons.org,Male,23. 4. 1987,7 Susan Park,Kedungcangkring,Indonesia,
605,Arlette Lerner,,Female,7. 12. 1985,3399 Twin Pines Road,Independencia,Mexico,40053
606,Inglis Swinley,iswinleygt@ifeng.com,Male,10. 4. 1997,9 Oriole Lane,Asímion,Greece,
607,Jennine Bascombe,jbascombegu@cocolog-nifty.com,Female,29. 11. 1984,94993 Anniversary Place,Damiao,China,
608,Morgan Gudde,mguddegv@pbs.org,Male,17. 12. 1984,6263 Lakeland Trail,Empedrado,Argentina,3418
609,Traci Mitchenson,tmitchensongw@delicious.com,Female,17. 9. 2000,34780 Bowman Avenue,Jungutbatu Kaja Dua,Indonesia,
610,Gaspar Espinho,,Male,14. 10. 1986,1180 Becker Drive,Akarakar,Indonesia,
611,Reggie Bellis,rbellisgy@netscape.com,Male,30. 6. 1990,4811 Vera Hill,Kanbe,Myanmar,
612,Rupert Somerfield,rsomerfieldgz@cpanel.net,Male,22. 10. 1989,0181 Burning Wood Pass,Taraz,Kazakhstan,
613,Lorene Fraulo,lfrauloh0@ftc.gov,Female,26. 6. 1985,7217 Haas Court,Krasnoyarka,Russia,346018
614,Darryl Klimontovich,dklimontovichh1@discuz.net,Male,24. 11. 1993,7188 Carey Lane,Bagnolet,France,93175 CEDEX
615,Coraline Desport,cdesporth2@t.co,Female,22. 1. 2000,42 Ridge Oak Court,Annecy,France,74982 CEDEX 9
616,Lewiss Robben,lrobbenh3@msn.com,Male,16. 1. 1994,0 Ridgeway Lane,Nanping,China,
617,Daisy Connichie,dconnichieh4@jugem.jp,Female,14. 2. 1994,582 Weeping Birch Street,Antsohihy,Madagascar,
618,Willie Haseman,,Female,15. 12. 1984,83 Farmco Place,Shazikou,China,
619,Tobit Beig,tbeigh6@marriott.com,Male,6. 10. 1995,2 Rieder Court,Haenam,South Korea,
620,Marie-jeanne Bannard,mbannardh7@mediafire.com,Female,9. 10. 1995,999 Helena Place,Cimanggu,Indonesia,
621,Babbie Bolsteridge,bbolsteridgeh8@flavors.me,Female,12. 1. 1987,7161 Express Way,Lishan,China,
622,Baxie Alderton,baldertonh9@ezinearticles.com,Male,5. 12. 1995,24667 Blackbird Crossing,Jinotepe,Nicaragua,
623,Abbie Mallock,amallockha@taobao.com,Male,24. 7. 1994,741 Lyons Trail,Rzhev,Russia,172389
624,,,Male,22. 1. 1997,15 Manley Trail,Jianshan,China,
625,Ralph Forte,,Male,4. 1. 1997,9944 Transport Court,Luoxi,China,
626,Shanie Bolt,sbolthd@illinois.edu,Female,21. 8. 2001,90404 Hoffman Avenue,Ad Dīwānīyah,Iraq,
627,Merissa Aylesbury,maylesburyhe@shinystat.com,Female,12. 9. 1994,508 Graedel Parkway,Nesterovskaya,Russia,386250
628,Nada Duffin,nduffinhf@google.cn,Female,27. 10. 1997,86 Havey Pass,Lanat,Philippines,6704
629,Granville Broggini,gbrogginihg@blogger.com,Male,9. 1. 1995,5 Northfield Terrace,Kufayrit,Palestinian Territory,
630,Tiphany Upchurch,tupchurchhh@weather.com,Female,26. 12. 1989,3200 Almo Park,Vilarinho,Portugal,3200-399
631,Brandice Collinge,bcollingehi@bigcartel.com,Female,19. 12. 1999,13430 Mockingbird Trail,Warungsugan,Indonesia,
632,Gray Dobrowolski,gdobrowolskihj@quantcast.com,Female,28. 1. 1997,3709 Goodland Point,Songgui,China,
633,,ahyldenhk@illinois.edu,Male,26. 10. 1986,248 Grim Hill,Lahān,Nepal,
634,Fenelia Lambart,flambarthl@elpais.com,Female,26. 8. 1985,26 Grayhawk Court,Huaicheng,China,
635,Bendick Trinbey,btrinbeyhm@dyndns.org,Male,7. 9. 1985,6 Artisan Park,Lemende,Portugal,4785-025
636,Gayler Acaster,gacasterhn@lycos.com,Male,1. 12. 1987,9946 Nancy Park,Khorosheve,Ukraine,
637,Thornton Troker,ttrokerho@simplemachines.org,Male,29. 11. 1997,6 Bunting Drive,Nakhon Nayok,Thailand,26120
638,Janelle Omar,jomarhp@cafepress.com,Female,3. 4. 1995,768 Hallows Road,Šavnik,Montenegro,
639,Neils Peters,npetershq@rakuten.co.jp,Male,18. 11. 1986,5402 Forster Center,Riah,Morocco,
640,,skerhr@acquirethisname.com,Male,7. 8. 1995,3104 Gulseth Way,Kasturi,Indonesia,
641,Humphrey Johnsee,hjohnseehs@cornell.edu,Male,22. 10. 1984,10 Nova Parkway,Dobřany,Czech Republic,518 01
642,,lglynneht@123-reg.co.uk,Female,9. 3. 1998,9 Clove Park,Morfovoúni,Greece,
643,Aristotle Buckell,abuckellhu@nymag.com,Male,7. 4. 1992,3 Merrick Junction,Changzheng,China,
644,Chen Durrans,cdurranshv@tuttocitta.it,Male,29. 10. 1985,561 Florence Terrace,Loures,Portugal,2670-335
645,Durward Brammall,dbrammallhw@miitbeian.gov.cn,Male,15. 1. 1992,710 Jay Parkway,Guane,Cuba,
646,Rosaline Goodyear,rgoodyearhx@auda.org.au,Female,10. 12. 1984,93 Marcy Drive,Puqi,China,
647,Pebrook Challoner,pchallonerhy@bloglines.com,Male,29. 8. 1990,488 Tennyson Park,Kazinka,Russia,162811
648,Maurene Ferryman,mferrymanhz@wp.com,Female,13. 1. 2002,59825 Thompson Way,Ubatuba,Brazil,11680-000
649,Archibald Ewer,aeweri0@cbslocal.com,Male,29. 7. 1993,73540 Delaware Terrace,Pallanchacra,Peru,
650,,aalbroi1@multiply.com,Male,27. 2. 2002,0217 Mifflin Center,Blendis,Indonesia,
651,,kinstonei2@last.fm,Female,28. 4. 1990,3 5th Way,Pelópion,Greece,
652,Roseline Saylor,rsaylori3@ca.gov,Female,20. 9. 1996,683 Garrison Avenue,Darungan Lor,Indonesia,
653,Glen Cato,gcatoi4@bloomberg.com,Female,28. 12. 1992,2 Farwell Plaza,Netanya,Israel,
654,Prisca Leyborne,pleybornei5@joomla.org,Female,9. 4. 1998,95421 8th Way,P’rimorsk’oe,Georgia,
655,Griz Whisby,,Male,12. 8. 1990,993 Parkside Place,Bherāmāra,Bangladesh,7042
656,Franchot Cuthbertson,fcuthbertsoni7@meetup.com,Male,19. 1. 1997,5960 Bashford Lane,Sukacai,Indonesia,
657,Cordie Ive,civei8@ycombinator.com,Male,,598 Grayhawk Street,Hovězí,Czech Republic,756 01
658,Nicky Rubinowitch,nrubinowitchi9@newyorker.com,Male,20. 2. 1995,3 High Crossing Crossing,Santa Fé do Sul,Brazil,15775-000
659,Abrahan Trahair,atrahairia@php.net,Male,4. 8. 1989,1735 Blue Bill Park Center,Pantaihambawang,Indonesia,
660,,ghauxleyib@slate.com,Male,25. 7. 1994,205 Mayer Place,Ḩarīb,Yemen,
661,Courtney O'Sheils,cosheilsic@netscape.com,Male,15. 5. 1987,959 Spenser Point,Teresita,Philippines,9512
662,Pam Legerton,,Female,28. 11. 2001,8 Dayton Pass,Dumaguete,Philippines,6267
663,Vanni Dyne,vdyneie@ucla.edu,Female,17. 3. 1991,2 Clemons Street,Río Alejandro,Panama,
664,Elfreda Campe,ecampeif@salon.com,Female,13. 10. 1998,12 Del Sol Place,Peso da Régua,Portugal,5050-223
665,Cordula Derobert,,Female,30. 8. 1992,49 Graedel Terrace,Stockholm,Sweden,102 63
666,Jermayne Touzey,,Male,9. 8. 1991,78328 Roth Crossing,Layo,Peru,
667,Andonis Semble,,Male,26. 2. 2001,66 Bayside Pass,Červená Voda,Czech Republic,561 61
668,Dotty Sparshutt,dsparshuttij@npr.org,Female,11. 4. 2001,155 Redwing Terrace,Harrison,Philippines,5711
669,Harmony Auston,,Female,18. 9. 1989,275 Harbort Center,Blagoevgrad,Bulgaria,2729
670,Xymenes Pettipher,xpettipheril@google.com.hk,Male,,75 Melby Terrace,Nowshahr,Iran,
671,Erskine Bowlas,ebowlasim@reddit.com,Male,18. 10. 2001,2 Kropf Place,Kropachëvo,Russia,456030
672,Daren Loomes,dloomesin@fema.gov,Male,5. 6. 1986,450 Burrows Parkway,Roboré,Bolivia,
673,,htomanio@etsy.com,Female,11. 12. 1989,5 Muir Place,Longgang,China,
674,Durward McLaine,dmclaineip@nih.gov,Male,13. 8. 1991,1555 Mallard Alley,Kuanfatu,Indonesia,
675,Hersch Castagneto,hcastagnetoiq@wix.com,Male,27. 12. 1992,2060 Judy Point,Barreiras,Portugal,4990-434
676,Evie Barti,ebartiir@usatoday.com,Female,6. 12. 1984,51 Lakewood Gardens Street,Mamara,Peru,
677,,kbellinis@springer.com,Female,20. 1. 1997,05138 International Way,Ponta do Sol,Cape Verde,
678,Tarra Rohloff,trohloffit@instagram.com,Female,21. 8. 1994,37 Warbler Crossing,Xin’an,China,
679,Ashli Porcher,aporcheriu@themeforest.net,Female,19. 3. 1997,66378 Sunbrook Drive,Gijon,Spain,33209
680,Jarred Ivanin,jivaniniv@opensource.org,Male,21. 2. 1998,17 Upham Point,Kallithéa,Greece,
681,Benito Scard,,Male,28. 2. 1985,304 John Wall Pass,Candelária,Portugal,9950-125
682,Ossie Killimister,okillimisterix@elegantthemes.com,Male,2. 7. 2000,00434 Norway Maple Crossing,Masis,Armenia,
683,Trudi Major,tmajoriy@mail.ru,Female,8. 8. 1985,92735 Ruskin Drive,Molo,Kenya,
684,Joye Candlin,jcandliniz@pen.io,Female,31. 8. 1998,8255 Northview Junction,Diourbel,Senegal,
685,Muriel Jayes,,Female,8. 6. 1994,1475 Emmet Avenue,Gunungmalang Satu,Indonesia,
686,Meryl Babbidge,mbabbidgej1@biglobe.ne.jp,Female,15. 2. 1990,3 Cascade Terrace,Diyarb Najm,Egypt,
687,Babs Adamczyk,badamczykj2@addthis.com,Female,11. 7. 1985,91240 Tony Hill,Byuravan,Armenia,
688,Eben Aireton,eairetonj3@zdnet.com,Male,27. 5. 1988,24935 Carioca Hill,Shīeli,Kazakhstan,
689,Davy Oldall,doldallj4@purevolume.com,Male,,29 Raven Pass,Songjiang,China,
690,Kathi Pedley,kpedleyj5@oakley.com,Female,13. 2. 1988,9013 Ridgeview Court,Chrysoúpolis,Greece,
691,Yul Aldam,yaldamj6@toplist.cz,Male,31. 5. 1988,7934 Clarendon Street,Minsk,Belarus,
692,Dacey Dickson,ddicksonj7@51.la,Female,8. 4. 1988,61587 Schurz Plaza,Winduraja,Indonesia,
693,Claresta Stamps,cstampsj8@php.net,Female,20. 3. 1985,746 Sullivan Street,Amapala,Honduras,
694,Genny Melin,gmelinj9@alibaba.com,Female,24. 5. 1999,74842 Fairfield Court,Ngchesar Hamlet,Palau,
695,Felipe Fireman,,Male,17. 7. 1987,69873 Johnson Circle,‘Attīl,Palestinian Territory,
696,Marianna Biggans,mbiggansjb@myspace.com,Female,31. 12. 1988,1945 Grover Road,Líbano,Colombia,731048
697,Cazzie Briars,cbriarsjc@hubpages.com,Male,13. 8. 2001,0 Hauk Court,Gali,Georgia,
698,Marilin Poskitt,mposkittjd@sakura.ne.jp,Female,27. 5. 2001,7562 Lakewood Gardens Junction,Figueiró dos Vinhos,Portugal,3260-400
699,Merci McGrane,mmcgraneje@rambler.ru,Female,15. 10. 1989,9170 Morrow Street,Haoxue,China,
700,Phyllys Storrock,,Female,3. 8. 1989,4 Superior Place,Mlalo,Tanzania,
701,Thedric Hawksley,thawksleyjg@thetimes.co.uk,Male,15. 7. 1999,460 Elgar Center,Cojutepeque,El Salvador,
702,Leon Raspin,lraspinjh@cargocollective.com,Male,11. 8. 2000,2 Veith Parkway,Benito Juarez,Mexico,62214
703,Bevvy Binnall,bbinnallji@devhub.com,Female,24. 10. 1990,28 Maryland Drive,Opatovice nad Labem,Czech Republic,533 45
704,Trudie Falla,tfallajj@mit.edu,Female,1. 12. 1997,7 Michigan Way,Ban Tak,Thailand,63120
705,Renata Redwing,rredwingjk@wikia.com,Female,24. 6. 1997,1048 Bartillon Center,Isla,Philippines,4337
706,Amalia Deverille,adeverillejl@digg.com,Female,1. 7. 2000,7 Novick Lane,Trąbki Wielkie,Poland,83-034
707,Analise Cregan,acreganjm@yahoo.co.jp,Female,28. 8. 1996,1 Northridge Alley,Beja,Portugal,7800-009
708,Edouard Dooly,edoolyjn@springer.com,Male,24. 4. 1987,26 Fieldstone Place,Tangwu,China,
709,Thelma Marusic,tmarusicjo@ameblo.jp,Female,4. 6. 2000,014 Lerdahl Terrace,Kultuk,Russia,665911
710,Lu Raincin,lraincinjp@slashdot.org,Female,1. 7. 1991,06 Fieldstone Trail,Karanlukh,Armenia,
711,Westbrook Wrennall,wwrennalljq@unicef.org,Male,14. 10. 1986,7 Springs Plaza,Olsztyn,Poland,42-256
712,Eddi Dominy,edominyjr@usatoday.com,Female,12. 1. 1992,19 Heath Avenue,Calaba,Philippines,2807
713,De witt Gallone,dwittjs@newyorker.com,Male,30. 6. 1995,9502 Grover Court,Hendala,Sri Lanka,11830
714,Bibbie Garz,bgarzjt@cloudflare.com,Female,1. 4. 1985,8 Lawn Hill,Olesno,Poland,46-300
715,Tobe Harcourt,tharcourtju@slate.com,Female,11. 5. 2001,5 Delladonna Plaza,Chaman,Pakistan,86000
716,Jessalyn Gavagan,jgavaganjv@hp.com,Female,7. 11. 2001,71241 Butterfield Junction,Boliney,Philippines,2815
717,Domeniga Brightling,dbrightlingjw@gmpg.org,Female,27. 8. 1985,7142 Havey Circle,Zhouhu,China,
718,Jarret Jamrowicz,jjamrowiczjx@go.com,Male,15. 6. 1986,3267 Morningstar Point,Ipoh,Malaysia,30648
719,Cash Ayliff,,Male,23. 4. 1991,627 Bunting Pass,Dawa-Dawa,Philippines,7111
720,Jermaine Biernat,jbiernatjz@infoseek.co.jp,Male,13. 9. 1986,628 Tomscot Place,Kuytun,Russia,665302
721,Artemas Anan,aanank0@nba.com,Male,20. 6. 1989,57550 Hooker Pass,Sungsang,Indonesia,
722,Alberik Grundon,agrundonk1@chicagotribune.com,Male,18. 6. 1999,6792 Pleasure Pass,Sorinomo,Indonesia,
723,Kynthia Petrelluzzi,,Female,29. 5. 1997,64555 Evergreen Drive,Nyachera,Uganda,
724,Casper Arbuckel,carbuckelk3@usatoday.com,Male,,40 Shelley Pass,Cipicung Timur,Indonesia,
725,Rick Orchard,rorchardk4@vinaora.com,Male,24. 4. 1991,06509 North Pass,Galán,Colombia,684058
726,Ferris Gargett,fgargettk5@seesaa.net,Male,24. 5. 1991,64163 Comanche Avenue,Sebadelhe,Portugal,5155-705
727,benni verma,bvermak6@bandcamp.com,Female,18. 12. 1988,7420 Crownhardt Circle,Ciudad Bolívar,Venezuela,
728,Lindon Bogace,,Male,16. 11. 1992,48207 Maryland Trail,Haliut,China,
729,Natalina Roney,nroneyk8@zdnet.com,Female,9. 10. 1991,844 Grover Road,Edson,Canada,T7E
730,Mariana Grimmert,mgrimmertk9@yahoo.com,Female,12. 7. 1993,0464 Oak Valley Trail,San Ignacio,Honduras,
731,kippie robroe,krobroeka@patch.com,Female,24. 10. 1997,386 Spenser Point,Cumanayagua,Cuba,
732,Barthel Thirtle,bthirtlekb@qq.com,Male,24. 3. 1994,379 Arapahoe Alley,Koropí,Greece,
733,Constance Sabben,csabbenkc@hexun.com,Female,,8624 Rieder Terrace,Huiwan,China,
734,Hedi Eborn,hebornkd@comcast.net,Female,18. 4. 1989,288 Eastlawn Road,Arnelas,Portugal,4415-689
735,Hakim Dabell,,Male,,7796 Prairieview Place,Sieniawa Żarska,Poland,00-018
736,Giff Harmston,gharmstonkf@infoseek.co.jp,Male,15. 9. 1993,7 Service Circle,Mitsuke,Japan,954-0153
737,Jon Hanssmann,,Male,5. 2. 1985,8 Miller Place,Detroit,United States,48232
738,Wyn Aven,wavenkh@forbes.com,Male,21. 12. 1988,29 Morning Alley,Wangxian,China,
739,Worthy Shivell,wshivellki@ustream.tv,Male,1. 5. 1993,1723 Thackeray Plaza,Palaiochóri,Greece,
740,Eddie Dory,edorykj@elpais.com,Male,27. 5. 1991,4 Texas Avenue,Alvaro Obregon,Mexico,29913
741,Horten Huntress,,Male,24. 7. 1995,4263 Amoth Street,Geoktschai,Azerbaijan,
742,Arnoldo Beaty,abeatykl@engadget.com,Male,12. 11. 1999,1 Crowley Way,Oslo,Norway,0669
743,Margot Deakan,mdeakankm@seesaa.net,Female,1. 3. 1989,66515 Scott Avenue,Krasnogorskoye,Russia,659500
744,Natka Wellfare,nwellfarekn@behance.net,Female,1. 12. 1993,425 Fairview Street,Heshui,China,
745,Towny Hedgeman,thedgemanko@earthlink.net,Male,15. 6. 1994,28 Laurel Place,Río Tercero,Argentina,5850
746,Kristine Gerrell,kgerrellkp@alexa.com,Female,29. 12. 1987,25032 Waxwing Hill,Kujang,Indonesia,
747,Dareen Hostan,dhostankq@bandcamp.com,Female,9. 9. 2002,89549 Graedel Way,Ciénaga de Oro,Colombia,232538
748,Smith Scruton,sscrutonkr@moonfruit.com,Male,24. 3. 1991,327 Bellgrove Park,Manique de Baixo,Portugal,2645-446
749,Dilan Odam,dodamks@purevolume.com,Male,29. 4. 2000,7 Prairie Rose Crossing,Uzyn,Ukraine,
750,Veda Coleman,vcolemankt@uol.com.br,Female,3. 8. 1989,9 Monica Circle,Kašperské Hory,Czech Republic,341 92
751,Cherey Commucci,ccommucciku@hatena.ne.jp,Female,2. 12. 1991,7122 Grayhawk Alley,Kaolack,Senegal,
752,Mil McNelis,,Female,24. 10. 2001,7 Farwell Court,Bridel,Luxembourg,L-8165
753,Junie Wozencroft,jwozencroftkw@hibu.com,Female,18. 9. 1995,65 Loftsgordon Road,Jiangkou,China,
754,Jeffy Dufour,jdufourkx@home.pl,Male,3. 9. 2000,937 Fairview Junction,Huddinge,Sweden,141 48
755,Gaylene Rennick,grennickky@aboutads.info,Female,16. 6. 1997,87 Golf Parkway,Filiatrá,Greece,
756,Gypsy Bronot,gbronotkz@cornell.edu,Female,12. 7. 1986,2067 Tomscot Court,San Francisco,Mexico,51016
757,Richmound Chaffin,rchaffinl0@walmart.com,Male,7. 2. 1993,191 Grasskamp Trail,Xilai,China,
758,Yelena Clelle,yclellel1@mapy.cz,Female,27. 3. 1992,994 Holy Cross Park,Himeville,South Africa,3652
759,Oren Breadon,obreadonl2@spiegel.de,Male,12. 2. 1985,0 Lakewood Hill,Saint-Denis,France,93209 CEDEX
760,Gareth Jeskins,gjeskinsl3@elpais.com,Male,28. 9. 1999,9509 Talisman Drive,Piława Górna,Poland,58-240
761,Farly Fritschmann,ffritschmannl4@tuttocitta.it,Male,7. 5. 1997,25393 Elka Avenue,Vesele,Ukraine,
762,Ignace Stratton,istrattonl5@homestead.com,Male,12. 8. 1998,10857 Brown Circle,Ar Rubū‘,Yemen,
763,Betsy Banasik,bbanasikl6@epa.gov,Female,12. 4. 1991,50956 Randy Circle,Luxi,China,
764,Daphna Grishukov,dgrishukovl7@google.nl,Female,29. 3. 1989,216 Continental Plaza,Liberia,Costa Rica,50101
765,Valaree Mingauld,vmingauldl8@nps.gov,Female,3. 4. 1995,32 Vahlen Junction,Aserrío de Gariché,Panama,
766,Estell Dressell,edresselll9@disqus.com,Female,13. 5. 1985,8337 Moulton Plaza,Verkhniye Kigi,Russia,452500
767,Geoffry Keers,gkeersla@msn.com,Male,1. 10. 2000,732 Forster Point,Rzeczenica,Poland,77-304
768,Clywd Domegan,cdomeganlb@msu.edu,Male,31. 10. 1989,51 5th Center,Penticton,Canada,V2A
769,Deva Tinner,dtinnerlc@nydailynews.com,Female,16. 8. 1986,935 Sachs Drive,Jingchuan,China,
770,Tobe Divine,tdivineld@wikispaces.com,Male,18. 4. 2001,423 Sloan Park,Lions Bay,Canada,K4K
771,Micky Scollick,mscollickle@wix.com,Female,25. 6. 1991,01611 Iowa Circle,Lions Bay,Canada,K4K
772,Lyndsey Dragon,ldragonlf@nationalgeographic.com,Female,8. 11. 1999,7 Hallows Pass,‘Ābūd,Palestinian Territory,
773,Nissy Nassy,nnassylg@msn.com,Female,,794 Muir Pass,Wuxia,China,
774,Lorain Nijs,lnijslh@un.org,Female,27. 4. 1991,9 Red Cloud Center,Daxindian,China,
775,Ab Simms,asimmsli@biblegateway.com,Male,20. 10. 1996,089 Lyons Park,Xinxu,China,
776,Alanna Brisseau,abrisseaulj@imdb.com,Female,21. 6. 1997,87097 Dunning Center,Patos,Brazil,58700-000
777,Edi Fedoronko,efedoronkolk@tinypic.com,Female,13. 5. 1989,7 Esch Drive,Yongfeng,China,
778,Sydel Gouldbourn,sgouldbournll@msn.com,Female,16. 11. 1989,5 Coleman Center,Cuevas,Philippines,8505
779,,hpheaseylm@wp.com,Female,25. 7. 1995,3533 8th Junction,Panalo-on,Philippines,9214
780,Bessy Keveren,bkeverenln@biblegateway.com,Female,5. 11. 1990,9 Acker Street,Itápolis,Brazil,14900-000
781,,afarrylo@webmd.com,Male,12. 9. 1992,5 Pleasure Drive,Las Animas,Mexico,39280
782,Mandie Morton,mmortonlp@cnn.com,Female,13. 4. 1986,747 Scoville Court,Ponta Grossa,Brazil,84000-000
783,Anne-marie Fetherstan,afetherstanlq@mysql.com,Female,3. 12. 1986,98 Corben Road,Kristiansund N,Norway,6517
784,Horst O'Duggan,hodugganlr@theatlantic.com,Male,1. 6. 2001,5369 Morning Place,Salamwates,Indonesia,
785,Allard Pardew,apardewls@eventbrite.com,Male,3. 8. 2000,40998 Hansons Court,Dawan,China,
786,Jobi Cudbertson,jcudbertsonlt@hugedomains.com,Female,10. 3. 1997,9 Westridge Crossing,Al Wajh,Saudi Arabia,
787,Ophelia Fellibrand,ofellibrandlu@un.org,Female,19. 8. 1987,83385 Daystar Trail,Vélo,Greece,
788,Lotta Datte,ldattelv@360.cn,Female,11. 12. 1989,87387 3rd Lane,Praia de Mira,Portugal,3070-725
789,Dave Hext,dhextlw@t-online.de,Male,27. 3. 1992,900 Golf Circle,Kap Choeng,Thailand,57210
790,Essa Duchart,educhartlx@51.la,Female,25. 9. 1988,854 Victoria Point,Lazaro Cardenas,Mexico,22510
791,Rex Middas,,Male,6. 7. 1985,8866 Little Fleur Road,Lebane,Serbia,
792,Carolina Ralph,cralphlz@cnn.com,Female,22. 8. 1996,15 Pennsylvania Alley,Julita,Philippines,6506
793,Merry Manford,,Male,1. 4. 1989,9892 Bartelt Street,Zhenzhushan,China,
794,Kellia Gillebride,kgillebridem1@craigslist.org,Female,29. 11. 1993,731 Thompson Hill,São José dos Pinhais,Brazil,83000-000
795,Denni Niles,dnilesm2@networksolutions.com,Female,29. 4. 1985,858 Morning Park,Helixi,China,
796,,bjeppm3@arizona.edu,Male,17. 6. 1995,6 Linden Drive,Trudovoye,Russia,694222
797,Lydie Gilbride,lgilbridem4@europa.eu,Female,19. 1. 1995,57 Saint Paul Road,Langenburg,Canada,V7P
798,Gale Caltera,gcalteram5@disqus.com,Female,27. 3. 2000,014 Eastlawn Terrace,Wenqiao,China,
799,Brennan Malamore,bmalamorem6@prlog.org,Male,24. 2. 1997,8 Northview Alley,Halayhayin,Philippines,4010
800,Bette Hallan,bhallanm7@free.fr,Female,17. 8. 1992,869 Lotheville Plaza,Murzuq,Libya,
801,Bernette Oxtaby,boxtabym8@altervista.org,Female,16. 4. 1999,37402 Darwin Avenue,Pitkyaranta,Russia,186810
802,Irwin Wheway,iwhewaym9@yellowbook.com,Male,16. 8. 1997,317 Wayridge Terrace,Sandaoba,China,
803,Arv Jzhakov,ajzhakovma@shinystat.com,Male,,494 Spaight Park,Kruengraya,Indonesia,
804,Remus Tudbald,rtudbaldmb@baidu.com,Male,24. 1. 2001,7297 Shoshone Road,Anniston,United States,36205
805,Ase Van de Vlies,avanmc@senate.gov,Male,13. 5. 1996,005 La Follette Center,Tegalgede,Indonesia,
806,Sergei Rydzynski,srydzynskimd@simplemachines.org,Male,5. 6. 1988,8413 Brickson Park Parkway,Calgary,Canada,T3S
807,Jeff Fisk,jfiskme@squarespace.com,Male,8. 11. 1999,94 Forest Circle,Hanjia,China,
808,Florette Binham,fbinhammf@acquirethisname.com,Female,4. 12. 1995,944 Butternut Junction,Diriomo,Nicaragua,
809,Elisha Elecum,eelecummg@soundcloud.com,Male,30. 7. 1999,60019 Thompson Crossing,Cortiçóis,Portugal,2080-381
810,Rachel Yancey,ryanceymh@twitpic.com,Female,22. 12. 1990,5109 Center Circle,Laifang,China,
811,Marcellus Couvet,mcouvetmi@comcast.net,Male,27. 9. 1989,28611 Oneill Avenue,Lushnjë,Albania,
812,Alejandrina Hanington,ahaningtonmj@free.fr,Female,18. 2. 1997,949 Westend Trail,Lautaro,Chile,
813,Skell Aiskrigg,saiskriggmk@bloglines.com,Male,11. 11. 1988,15815 Hagan Way,Szeged,Hungary,6704
814,Ancell Baccup,abaccupml@npr.org,Male,8. 8. 1988,2067 Bartillon Way,Dębe Wielkie,Poland,05-311
815,Luke Tulloch,ltullochmm@wired.com,Male,12. 10. 1997,4 Hanover Court,Chicago,United States,60624
816,Iona Dymott,idymottmn@about.me,Female,2. 11. 1999,934 Reinke Trail,Chakaray,Afghanistan,
817,Hedy Kosel,hkoselmo@merriam-webster.com,Female,19. 8. 1989,0612 Corry Center,Misawa,Japan,992-1202
818,Neils Phripp,nphrippmp@w3.org,Male,4. 2. 2000,5 Pennsylvania Parkway,Bergen,Norway,5041
819,Marlie Gress,,Female,15. 10. 1999,0689 Golden Leaf Terrace,Pederneiras,Brazil,17280-000
820,Madison Shevlan,,Male,19. 6. 1999,97642 Loftsgordon Center,Huambo,Peru,
821,Carma Willcocks,,Female,5. 1. 1989,81 Meadow Valley Hill,Skotoússa,Greece,
822,Sari Jennrich,sjennrichmt@wisc.edu,Female,29. 12. 1993,69 Ronald Regan Trail,Pamoyanan,Indonesia,
823,Morgen Perrottet,mperrottetmu@utexas.edu,Female,28. 8. 1997,48687 Dakota Court,Mirões,Portugal,3700-622
824,Wilie Poinsett,wpoinsettmv@sourceforge.net,Female,18. 11. 1988,19266 Holy Cross Alley,Gorno-Altaysk,Russia,140317
825,Dianemarie Humbert,dhumbertmw@noaa.gov,Female,8. 2. 2001,3565 Morrow Court,Businga,Democratic Republic of the Congo,
826,Clemmie Iacovone,ciacovonemx@paypal.com,Male,4. 9. 1988,9342 Sunfield Circle,Casal,Portugal,4600-757
827,Evaleen Bolstridge,ebolstridgemy@istockphoto.com,Female,17. 11. 1991,88132 Sunnyside Drive,Karata,Russia,368997
828,Jae Acedo,jacedomz@seesaa.net,Male,,77 Packers Park,Bone South,Philippines,1052
829,Elvyn Ghilardi,eghilardin0@sohu.com,Male,26. 5. 2001,33008 Lakewood Hill,Zhoupi,China,
830,Aviva Eidelman,aeidelmann1@ask.com,Female,17. 5. 1993,695 Chive Street,Stará Paka,Czech Republic,507 91
831,Lettie Burburough,,Female,15. 3. 2000,13 Vera Place,Fucheng,China,
832,Nero Campanelle,ncampanellen3@shop-pro.jp,Male,29. 1. 2001,4191 Pleasure Way,Fuliang,China,
833,Esmaria Gabits,egabitsn4@addtoany.com,Female,6. 4. 2002,6 Rieder Pass,Kyzylorda,Kazakhstan,
834,Antonina Goodings,agoodingsn5@wufoo.com,Female,20. 11. 2001,3 Swallow Lane,Bayt Ūmmar,Palestinian Territory,
835,Bria Shallcrass,,Female,28. 9. 1988,0 Fisk Pass,Ishikawa,Japan,960-1476
836,Prudence Beri,pberin7@ihg.com,Female,15. 12. 1985,06 Bultman Junction,Iberia,Peru,
837,Antonetta Hammerberger,ahammerbergern8@alibaba.com,Female,22. 12. 1989,0 Hudson Crossing,Yangliu,China,
838,Rennie Bennington,rbenningtonn9@posterous.com,Female,20. 1. 2001,439 Stuart Plaza,Kaliwates,Indonesia,
839,Alika Gerant,agerantna@uiuc.edu,Female,,05 Vernon Way,Louisville,United States,40205
840,Pauly Stenton,pstentonnb@arizona.edu,Female,9. 1. 1996,9 Spaight Park,Parchal,Portugal,8400-603
841,Ebonee Jackways,ejackwaysnc@fotki.com,Female,20. 4. 1989,27 Cascade Circle,Rivne,Ukraine,
842,Matthieu Leese,mleesend@about.com,Male,1. 9. 1993,9 Waubesa Junction,Huangtan,China,
843,Sarina Dowty,sdowtyne@mit.edu,Female,13. 6. 1994,268 Logan Way,Sidem,Indonesia,
844,Glenna Stickings,gstickingsnf@state.tx.us,Female,26. 6. 2001,34 Norway Maple Point,Chruszczobród,Poland,15-337
845,Reuben Claasen,rclaasenng@zimbio.com,Male,20. 7. 1986,64062 Surrey Avenue,Sanqiao,China,
846,Keane Vedeneev,kvedeneevnh@naver.com,Male,26. 7. 1998,83821 Atwood Parkway,Fengting,China,
847,Felizio Desmond,fdesmondni@stanford.edu,Male,9. 5. 1991,49 Jackson Point,Catia La Mar,Venezuela,
848,Dolf Coonihan,dcoonihannj@ameblo.jp,Male,8. 3. 1987,2501 Veith Parkway,Berlin,Germany,10823
849,Cyrill Yushkin,cyushkinnk@ucoz.com,Male,21. 6. 1991,3 Namekagon Center,Wingham,Canada,T5K
850,,imeyricknl@army.mil,Female,28. 8. 1985,21 Knutson Court,Gubo,China,
851,Theodora Callinan,tcallinannm@people.com.cn,Female,29. 8. 2001,54895 Hazelcrest Avenue,Changsheng,China,
852,Geno Sealove,gsealovenn@unesco.org,Male,12. 8. 1989,8901 Mcguire Park,Cahors,France,46004 CEDEX 9
853,Cyrille Goldhill,cgoldhillno@telegraph.co.uk,Male,10. 11. 1990,418 Almo Point,Przesmyki,Poland,08-109
854,Rosette Kleinhaut,rkleinhautnp@imageshack.us,Female,3. 2. 1988,3833 Crownhardt Drive,San Rafael Petzal,Guatemala,13028
855,Marillin Kender,mkendernq@weather.com,Female,10. 9. 1992,7 Warbler Center,Wuguishan,China,
856,Almeta Bonaire,abonairenr@tmall.com,Female,26. 9. 1999,66 Homewood Crossing,Aoji-ri,North Korea,
857,Lacy Tacey,ltaceyns@angelfire.com,Female,29. 10. 1991,7456 Coleman Lane,Pul-e Khumrī,Afghanistan,
858,Carlynne Beviss,cbevissnt@tmall.com,Female,13. 2. 2001,40781 Northridge Park,Ngrejo,Indonesia,
859,Gauthier Padwick,gpadwicknu@t-online.de,Male,3. 7. 1998,74370 Redwing Pass,Dobczyce,Poland,32-410
860,Othello Surcomb,osurcombnv@blogger.com,Male,10. 5. 1997,741 Florence Park,Syrostan,Russia,456382
861,Anselma Atthow,aatthownw@reuters.com,Female,14. 2. 1992,170 Mifflin Way,Gantang,China,
862,Vanessa Dumpleton,vdumpletonnx@simplemachines.org,Female,30. 3. 1986,16 Sommers Court,Svilajnac,Serbia,
863,Todd Midgely,tmidgelyny@rambler.ru,Male,20. 1. 1987,88610 Del Mar Center,Sindangrasa,Indonesia,
864,Gery Delatour,gdelatournz@tmall.com,Male,19. 8. 2000,4291 Little Fleur Parkway,Recarei,Portugal,4585-586
865,Dukie Pothbury,dpothburyo0@ask.com,Male,2. 5. 1988,01392 Myrtle Avenue,Quetigny,France,21806 CEDEX
866,Abraham Travers,atraverso1@shareasale.com,Male,16. 7. 1985,11731 Kenwood Junction,Praia da Vitória,Portugal,9760-406
867,Samara Rayman,sraymano2@fema.gov,Female,13. 2. 1991,071 Raven Circle,Telaga,Indonesia,
868,Kirsti Scamerdine,kscamerdineo3@ed.gov,Female,,91 Village Green Way,Sulechów,Poland,66-101
869,Philomena O'Doireidh,podoireidho4@shutterfly.com,Female,25. 2. 2000,15 Oak Drive,Boston,Philippines,5711
870,Orazio Scamal,oscamalo5@123-reg.co.uk,Male,2. 1. 1990,3530 Packers Avenue,Paris 14,France,75669 CEDEX 14
871,Bertie Bayford,bbayfordo6@indiegogo.com,Female,7. 5. 1998,02075 Havey Lane,Falköping,Sweden,521 96
872,Erwin Betts,,Male,6. 8. 1988,9 Autumn Leaf Terrace,Zhanbei,China,
873,Nahum Izard,nizardo8@admin.ch,Male,4. 12. 1996,6 Rowland Alley,Zaprudnya,Russia,141960
874,Rochelle Crufts,rcruftso9@yolasite.com,Female,20. 9. 1986,57 Michigan Plaza,Xiniqi,China,
875,Viva Toomey,vtoomeyoa@xinhuanet.com,Female,17. 1. 1988,771 Stoughton Terrace,Krousón,Greece,
876,Mariquilla Bransby,mbransbyob@google.ru,Female,1. 12. 1985,8221 Buhler Avenue,Archis,Armenia,
877,Corie Burn,cburnoc@independent.co.uk,Female,17. 8. 1998,500 Lien Parkway,Biankouma,Ivory Coast,
878,Marlie Craigie,mcraigieod@reuters.com,Female,8. 3. 2001,1 Shoshone Park,Pā’īn-e Bāzār-e Rūdbār,Iran,
879,Cindi Guidini,,Female,28. 4. 1992,01 Pine View Parkway,Alvalade,Portugal,7565-017
880,Samaria Duchesne,sduchesneof@archive.org,Female,14. 11. 1994,234 Reindahl Drive,Fojo,Portugal,4650-071
881,Melosa Millins,mmillinsog@theglobeandmail.com,Female,24. 4. 2002,3317 Veith Center,Lima,Peru,
882,Hayward Gorbell,hgorbelloh@opensource.org,Male,22. 1. 1997,9 Carioca Junction,Boca Suno,Ecuador,
883,Marylin Ladbrook,,Female,29. 4. 1996,9422 Oak Valley Park,Provatás,Greece,
884,Kally Brunsen,kbrunsenoj@github.com,Female,24. 8. 1992,49236 Troy Hill,La Clotilde,Argentina,3701
885,Renault Corbishley,rcorbishleyok@deliciousdays.com,Male,14. 5. 1989,83987 Granby Pass,El Cubolero,Honduras,
886,,pgrimmolbyol@dailymail.co.uk,Female,18. 2. 1995,99391 Milwaukee Plaza,Malapaubhara,Indonesia,
887,Josefa Gidney,jgidneyom@theglobeandmail.com,Female,7. 8. 1992,77 Gerald Center,Makbon,Indonesia,
888,Wallas Cadany,wcadanyon@tinyurl.com,Male,14. 8. 1986,40 Jana Crossing,Tatarsk,Russia,632147
889,Haslett Chezier,hchezieroo@who.int,Male,5. 11. 1988,74324 Warner Court,Ipoh,Malaysia,30532
890,Michele Netley,mnetleyop@reverbnation.com,Male,26. 5. 1993,95 Norway Maple Terrace,Leipzig,Germany,04317
891,Eada Thorlby,ethorlbyoq@yale.edu,Female,10. 2. 2001,9 Farmco Lane,Thị Trấn Quan Hóa,Vietnam,
892,Hillard Kornilyev,hkornilyevor@jiathis.com,Male,13. 9. 2002,37176 Canary Pass,Agpangi,Philippines,0800
893,Balduin Saill,bsaillos@lulu.com,Male,9. 12. 1988,1779 Scoville Lane,Henggang,China,
894,Kingsley Meddows,kmeddowsot@ehow.com,Male,19. 12. 1984,97 Anthes Center,Huji,China,
895,Arleta Kurtis,akurtisou@bandcamp.com,Female,17. 5. 1985,850 Charing Cross Crossing,San Pedro,Philippines,4023
896,Cory Killough,ckilloughov@webeden.co.uk,Male,11. 11. 1995,935 Eagle Crest Park,Altay,Kazakhstan,
897,Nickie Quinlan,nquinlanow@dyndns.org,Male,14. 5. 1993,09182 Old Gate Lane,Staryy Urukh,Russia,361366
898,Mignon Drayn,mdraynox@qq.com,Female,20. 1. 2001,8880 Washington Crossing,Sokyryany,Ukraine,
899,Timothy Keslake,tkeslakeoy@trellian.com,Male,24. 7. 1989,11082 Fuller Trail,Skole,Ukraine,
900,Walliw Burkart,wburkartoz@nhs.uk,Female,31. 7. 2000,426 Hintze Street,Piña,Philippines,3600
901,Mitchell Kerss,mkerssp0@opera.com,Male,7. 12. 1984,14 Delladonna Place,El Espino,Colombia,151247
902,Linoel Brogini,lbroginip1@cmu.edu,Male,2. 6. 1998,4 Independence Center,Bagou,China,
903,Cthrine Veazey,cveazeyp2@csmonitor.com,Female,24. 12. 1998,795 Marcy Crossing,Xinning,China,
904,Kayla Laville,klavillep3@meetup.com,Female,9. 4. 1999,94368 Little Fleur Point,Tranås,Sweden,573 23
905,Cornela Posen,cposenp4@themeforest.net,Female,2. 6. 1987,280 Miller Lane,Železný Brod,Czech Republic,468 22
906,Kailey Chiplin,,Female,,249 Fairview Trail,Nenagh,Ireland,E45
907,Glenn Percival,gpercivalp6@nymag.com,Female,20. 5. 1988,6757 Hudson Crossing,Carcassonne,France,11860 CEDEX 9
908,Eloisa MacNulty,emacnultyp7@myspace.com,Female,16. 12. 1994,2251 Susan Center,San Francisco,Mexico,46175
909,Cecile Lubman,clubmanp8@ameblo.jp,Female,17. 5. 1990,4 Badeau Pass,Lérida,Colombia,731027
910,Nadiya Folca,nfolcap9@bbb.org,Female,9. 10. 1994,7 Glacier Hill Center,Sindangbarang,Indonesia,
911,Robenia Shippey,,Female,,84060 Dunning Junction,Trinaterra,Portugal,4745-375
912,Ruthanne Beavis,rbeavispb@friendfeed.com,Female,29. 1. 1994,1982 Hudson Trail,Makur,Micronesia,
913,Nonie Radbourne,nradbournepc@europa.eu,Female,11. 9. 1988,92740 Annamark Pass,Cleveland,United States,44185
914,Vergil Byard,vbyardpd@dell.com,Male,15. 3. 1993,5006 Pankratz Court,Huangzhai,China,
915,Dal Blanch,,Male,4. 12. 1986,2084 Michigan Junction,Tucumã,Brazil,68385-000
916,Farrand Di Matteo,fdipf@ucla.edu,Female,24. 9. 2001,7 Colorado Pass,San Rafael,United States,94913
917,Leeann Calabry,,Female,5. 6. 1995,07816 Florence Junction,Mosetse,Botswana,
918,Mathias Renshall,mrenshallph@alexa.com,Male,18. 10. 1998,90 Oak Trail,Zhigalovo,Russia,249432
919,Allayne De Bernardi,adepi@github.io,Male,26. 1. 1990,0 Butterfield Hill,Ribeirão Preto,Brazil,14000-000
920,Timofei Warman,,Male,11. 12. 1984,56 Bayside Lane,Shilovo,Russia,391545
921,Mikael Whiteley,mwhiteleypk@toplist.cz,Male,19. 9. 1987,7359 Utah Trail,Ban Talat Bueng,Thailand,20170
922,Say Tertre,stertrepl@usatoday.com,Male,10. 5. 1994,51 Warner Hill,Santi Suk,Thailand,61150
923,Molli Doppler,mdopplerpm@dagondesign.com,Female,1. 5. 1994,6920 Debra Place,Mucifal,Portugal,2705-215
924,Maje Shilstone,mshilstonepn@google.com.au,Male,3. 7. 1998,32 Ryan Center,Telheira,Portugal,4650-669
925,Zebadiah Windows,,Male,10. 6. 1998,6 Briar Crest Lane,Metchosin,Canada,V9C
926,Aymer Bartoleyn,abartoleynpp@goodreads.com,Male,19. 8. 2000,61270 Summerview Pass,Ciorescu,Moldova,MD-2089
927,Maggee Elen,melenpq@blog.com,Female,24. 11. 1989,7 East Avenue,‘Arīqah,Syria,
928,Giana Eldred,geldredpr@jugem.jp,Female,25. 4. 1989,556 Washington Hill,Foros de Salvaterra,Portugal,2120-185
929,Arch Niesing,aniesingps@reverbnation.com,Male,31. 7. 1991,4442 Surrey Avenue,Binkolo,Sierra Leone,
930,Sisely Rossant,,Female,26. 1. 1992,31 Hooker Point,Aqtöbe,Kazakhstan,
931,Paul Euplate,peuplatepu@t-online.de,Male,21. 3. 1986,226 Springview Hill,Banjar Penyalin,Indonesia,
932,Darrel Isgar,disgarpv@psu.edu,Male,17. 8. 1990,34324 Cottonwood Place,Shilu,China,
933,Chicky Shaplin,cshaplinpw@tumblr.com,Male,13. 11. 2001,0 Rockefeller Way,Suvorovskaya,Russia,363001
934,Waverly Dumbar,wdumbarpx@washingtonpost.com,Male,16. 12. 2001,61 Merrick Circle,Kidričevo,Slovenia,2325
935,Aylmer De Hooge,adepy@zimbio.com,Male,30. 11. 2001,82 Sheridan Court,Bayombong,Philippines,3700
936,Karalee Washtell,kwashtellpz@php.net,Female,31. 3. 1999,977 4th Place,Iwata,Japan,925-0145
937,Kleon Prestedge,,Male,20. 8. 1987,11519 Hayes Way,Lengor,Indonesia,
938,Tuck Ritchings,tritchingsq1@cafepress.com,Male,3. 8. 2001,244 Tennessee Circle,Đạ Tẻh,Vietnam,
939,Luelle Mennell,lmennellq2@usatoday.com,Female,28. 5. 2000,31224 Commercial Parkway,Kafr Nubl,Syria,
940,Penny Petr,,Male,23. 2. 2001,4945 Forest Drive,Dejilin,China,
941,Rochelle Clash,rclashq4@twitpic.com,Female,24. 12. 1995,8 Donald Plaza,Moca,Dominican Republic,11902
942,Trude Lyness,tlynessq5@squidoo.com,Female,17. 3. 2001,24525 Sage Parkway,Ambulong,Philippines,5615
943,Cathryn Swinfon,cswinfonq6@1und1.de,Female,28. 2. 2001,7 Upham Point,Pluak Daeng,Thailand,21140
944,Benoit Dyball,bdyballq7@businesswire.com,Male,13. 9. 2002,1713 Erie Center,Kotaagung,Indonesia,
945,Cornell Donahue,cdonahueq8@ning.com,Male,16. 11. 1998,99 Jay Pass,Sumberagung,Indonesia,
946,Fraze Axtonne,faxtonneq9@wordpress.org,Male,,7160 Talisman Pass,Oroin Xibe,China,
947,Winnie Jolley,wjolleyqa@google.ca,Male,4. 10. 2000,2 Basil Plaza,Getung,Indonesia,
948,Chelsae Sieb,csiebqb@huffingtonpost.com,Female,28. 8. 2001,14 Crest Line Street,Baoxing,China,
949,Devonna Ketch,dketchqc@bigcartel.com,Female,25. 8. 1992,827 Walton Place,Verkhnyachka,Ukraine,
950,Nomi Jarrett,njarrettqd@businesswire.com,Female,6. 9. 1997,415 Artisan Drive,Butungan,Indonesia,
951,Frederigo Chomicz,fchomiczqe@fotki.com,Male,6. 3. 1998,49 Hudson Plaza,Babantar,Indonesia,
952,Marve Howse,mhowseqf@msn.com,Male,29. 4. 1997,538 Pierstorff Avenue,Shangdundu,China,
953,Amalita Grigson,agrigsonqg@people.com.cn,Female,15. 11. 1998,78 Vermont Road,Karangpao,Indonesia,
954,Guthry Manes,gmanesqh@wsj.com,Male,23. 8. 1993,74 Ryan Court,Sampaio,Portugal,2970-137
955,Netta Suatt,nsuattqi@cmu.edu,Female,30. 4. 1990,2 Marquette Point,Koygorodok,Russia,168170
956,Jake Patridge,jpatridgeqj@yellowpages.com,Male,14. 9. 1990,81140 Forest Dale Center,Wotan,Indonesia,
957,Scottie Hatherleigh,shatherleighqk@discuz.net,Male,8. 9. 1999,2957 Coolidge Trail,Maodian,China,
958,Kellen Woodford,kwoodfordql@tmall.com,Male,6. 10. 1992,50 Acker Pass,Saint-Joseph-de-Coleraine,Canada,N2E
959,Roselin Esley,resleyqm@bing.com,Female,12. 2. 2002,78407 Elka Street,New-Richmond,Canada,J7R
960,Anestassia Hudspeth,,Female,26. 5. 1999,4650 Maryland Crossing,Lere,Nigeria,
961,Kip O'Leary,,Male,10. 11. 1995,01 International Center,Potštát,Czech Republic,753 62
962,Cissiee Lowis,clowisqp@odnoklassniki.ru,Female,21. 3. 1991,215 Hazelcrest Court,Sehwān,Pakistan,67311
963,,ncardonqq@ebay.co.uk,Male,24. 4. 1995,19 Eagan Court,Ning’an,China,
964,Stanly Dodson,sdodsonqr@mashable.com,Male,26. 8. 1995,947 Memorial Park,Gościeradów,Poland,23-231
965,Vida Torrecilla,vtorrecillaqs@wix.com,Female,12. 8. 1996,243 Schurz Road,Antimácheia,Greece,
966,Quintus Tatem,qtatemqt@princeton.edu,Male,20. 3. 1985,916 Weeping Birch Plaza,Dorp Tera Kora,Bonaire Saint Eustatius and Saba ,
967,Tandie McVitty,tmcvittyqu@amazon.co.jp,Female,5. 10. 1993,36088 Division Avenue,Lévis,Canada,G6W
968,Rosalinde Tremouille,rtremouilleqv@theatlantic.com,Female,23. 8. 1988,1615 Dapin Road,Ningzhong,China,
969,Lilah Dowsett,ldowsettqw@creativecommons.org,Female,12. 4. 1994,54942 Lawn Plaza,Solna,Sweden,171 14
970,Adler Pegrum,apegrumqx@livejournal.com,Male,17. 10. 1988,0149 Rockefeller Hill,Bangrat,Indonesia,
971,Charla Grendon,cgrendonqy@com.com,Female,25. 9. 2000,128 Emmet Avenue,Pridonskoy,Russia,394091
972,Nathalia Cusworth,ncusworthqz@miitbeian.gov.cn,Female,10. 1. 1999,81 Barnett Center,Tarbes,France,65022 CEDEX 9
973,Bren McGarva,bmcgarvar0@deviantart.com,Male,13. 6. 1993,05355 Sunnyside Hill,Dikhil,Djibouti,
974,Joice Lewendon,jlewendonr1@opensource.org,Female,17. 6. 1999,328 Bay Center,Mâcon,France,71009 CEDEX
975,Dalila Sedgefield,dsedgefieldr2@netlog.com,Female,9. 11. 1994,8 Cascade Court,Xushuguan,China,
976,Kennith Roscamp,,Male,9. 5. 1993,60466 Katie Court,Ōdachō-ōda,Japan,699-2211
977,Urbain Kunisch,ukunischr4@cmu.edu,Male,12. 7. 1987,674 Oneill Circle,Yanagawa,Japan,990-1274
978,Bret Willshee,bwillsheer5@rediff.com,Male,13. 4. 2002,8 Comanche Pass,Long Layu,Indonesia,
979,Moyna Gilbane,mgilbaner6@vistaprint.com,Female,7. 2. 2001,51 Weeping Birch Street,Jianghai,China,
980,,vnorsterr7@foxnews.com,Male,11. 10. 2000,7 Birchwood Drive,Hikone,Japan,526-0826
981,Ricardo St. Leger,rstr8@nps.gov,Male,24. 8. 1996,78 Bayside Terrace,Maojiadian,China,
982,Deana Luckin,dluckinr9@newyorker.com,Female,31. 3. 1991,49 New Castle Trail,Ōtake,Japan,741-0092
983,Kandy Epine,kepinera@360.cn,Female,15. 12. 1998,996 Hansons Street,Peuara,Indonesia,
984,Noach Cavaney,ncavaneyrb@storify.com,Male,5. 3. 1994,84679 Heath Court,Kuching,Malaysia,93612
985,,thumphrysrc@163.com,Male,18. 3. 1994,91739 Sullivan Court,Ehen Hudag,China,
986,Valentine Canwell,vcanwellrd@who.int,Female,29. 11. 1987,7595 Truax Pass,Mikhnëvo,Russia,142843
987,Liesa Gerish,lgerishre@msn.com,Female,11. 7. 1992,4 Declaration Way,Hyesan-si,North Korea,
988,Rosana Thurske,rthurskerf@umich.edu,Female,9. 12. 1990,883 Hintze Avenue,Pingding,China,
989,Gael Boynes,gboynesrg@home.pl,Male,18. 5. 1989,05 Summer Ridge Lane,Launceston,Australia,7916
990,Jack Montier,jmontierrh@hubpages.com,Male,2. 2. 1997,9095 Badeau Plaza,Néa Palátia,Greece,
991,Colleen Stroton,cstrotonri@arizona.edu,Female,12. 12. 1990,7 High Crossing Way,Raczki,Poland,16-420
992,Gusta Le Noir,glerj@accuweather.com,Female,14. 5. 1986,448 Morrow Road,Şaḩneh,Iran,
993,Rabi Suttling,rsuttlingrk@noaa.gov,Male,14. 3. 1999,21 Melrose Lane,Prilep,Kosovo,
994,Harry Pentland,hpentlandrl@ifeng.com,Male,17. 9. 1989,92 Pleasure Hill,Darkūsh,Syria,
995,Cyndie Francklin,cfrancklinrm@slideshare.net,Female,12. 6. 1995,17 Kensington Point,Niños Heroes,Mexico,68145
996,Natassia Neem,nneemrn@icq.com,Female,4. 3. 1988,81 Sutteridge Center,Sarrat,Philippines,2914
997,Dolf MacGuffog,dmacguffogro@spotify.com,Male,22. 12. 1985,5 Lighthouse Bay Court,Seremban,Malaysia,70572
998,Rivi Cheesley,rcheesleyrp@liveinternet.ru,Female,4. 9. 1995,86 David Junction,Isaka,Tanzania,
999,Raddie Lux,rluxrq@bravesites.com,Male,5. 7. 2002,4484 Toban Center,Paris 01,France,75100 CEDEX 01
1000,Bobbye Light,blightrr@state.gov,Female,27. 5. 1990,31 Sutherland Court,Lyubimets,Bulgaria,6522